"Timestamp","Mode","Source","Destination","Action","Status","Detail"
"2026-04-24 13:40:57","RBCD","CENWA-SECVID-P1","BURON-HV-P01","RBCD","Added","Added CENWA-SECVID-P1 to RBCD principals on BURON-HV-P01"
"2026-04-24 13:40:57","RBCD","CONOH-HV-P01","BURON-HV-P01","RBCD","Added","Added CONOH-HV-P01 to RBCD principals on BURON-HV-P01"
"2026-04-24 13:40:57","RBCD","CONOH-SECVID-P1","BURON-HV-P01","RBCD","Added","Added CONOH-SECVID-P1 to RBCD principals on BURON-HV-P01"
"2026-04-24 13:40:57","RBCD","DALOH-HV-P01","BURON-HV-P01","RBCD","Added","Added DALOH-HV-P01 to RBCD principals on BURON-HV-P01"
"2026-04-24 13:40:57","RBCD","DALTX-HV-P01","BURON-HV-P01","RBCD","Added","Added DALTX-HV-P01 to RBCD principals on BURON-HV-P01"
"2026-04-24 13:40:57","RBCD","GRINE-HV-P01","BURON-HV-P01","RBCD","Added","Added GRINE-HV-P01 to RBCD principals on BURON-HV-P01"
"2026-04-24 13:40:57","RBCD","LEWPA-HV-P01","BURON-HV-P01","RBCD","Added","Added LEWPA-HV-P01 to RBCD principals on BURON-HV-P01"
"2026-04-24 13:40:57","RBCD","LEWTX-HV-SW02","BURON-HV-P01","RBCD","Added","Added LEWTX-HV-SW02 to RBCD principals on BURON-HV-P01"
"2026-04-24 13:40:57","RBCD","LEWTX-HV-SW03","BURON-HV-P01","RBCD","Added","Added LEWTX-HV-SW03 to RBCD principals on BURON-HV-P01"
"2026-04-24 13:40:57","RBCD","LEWTX-HV-SW04","BURON-HV-P01","RBCD","Added","Added LEWTX-HV-SW04 to RBCD principals on BURON-HV-P01"
"2026-04-24 13:40:57","RBCD","LEWTX-HV-SW05","BURON-HV-P01","RBCD","Added","Added LEWTX-HV-SW05 to RBCD principals on BURON-HV-P01"
"2026-04-24 13:40:57","RBCD","LEWTX-ITCCS-P02","BURON-HV-P01","RBCD","Added","Added LEWTX-ITCCS-P02 to RBCD principals on BURON-HV-P01"
"2026-04-24 13:40:57","RBCD","LONNH-HV-P01","BURON-HV-P01","RBCD","Added","Added LONNH-HV-P01 to RBCD principals on BURON-HV-P01"
"2026-04-24 13:40:57","RBCD","MAROH-HV-P01","BURON-HV-P01","RBCD","Added","Added MAROH-HV-P01 to RBCD principals on BURON-HV-P01"
"2026-04-24 13:40:57","RBCD","MAROH-SECVID-P2","BURON-HV-P01","RBCD","Added","Added MAROH-SECVID-P2 to RBCD principals on BURON-HV-P01"
"2026-04-24 13:40:57","RBCD","MATMX-HV-P01","BURON-HV-P01","RBCD","Added","Added MATMX-HV-P01 to RBCD principals on BURON-HV-P01"
"2026-04-24 13:40:57","RBCD","MATMX-HV-P02","BURON-HV-P01","RBCD","Added","Added MATMX-HV-P02 to RBCD principals on BURON-HV-P01"
"2026-04-24 13:40:57","RBCD","MATTM-SECVID-P1","BURON-HV-P01","RBCD","Added","Added MATTM-SECVID-P1 to RBCD principals on BURON-HV-P01"
"2026-04-24 13:40:57","RBCD","MHOH-HV-P01","BURON-HV-P01","RBCD","Added","Added MHOH-HV-P01 to RBCD principals on BURON-HV-P01"
"2026-04-24 13:40:57","RBCD","MHOH-HV-P02","BURON-HV-P01","RBCD","Added","Added MHOH-HV-P02 to RBCD principals on BURON-HV-P01"
"2026-04-24 13:40:57","RBCD","MHOH-HV-P03","BURON-HV-P01","RBCD","Added","Added MHOH-HV-P03 to RBCD principals on BURON-HV-P01"
"2026-04-24 13:40:57","RBCD","MHOH-HV-P04","BURON-HV-P01","RBCD","Added","Added MHOH-HV-P04 to RBCD principals on BURON-HV-P01"
"2026-04-24 13:40:57","RBCD","MHOH-HV-P05","BURON-HV-P01","RBCD","Added","Added MHOH-HV-P05 to RBCD principals on BURON-HV-P01"
"2026-04-24 13:40:57","RBCD","MHOH-HV-P06","BURON-HV-P01","RBCD","Added","Added MHOH-HV-P06 to RBCD principals on BURON-HV-P01"
"2026-04-24 13:40:57","RBCD","MHOH-HV-P07","BURON-HV-P01","RBCD","Added","Added MHOH-HV-P07 to RBCD principals on BURON-HV-P01"
"2026-04-24 13:40:57","RBCD","MHOH-SECVID-P1","BURON-HV-P01","RBCD","Added","Added MHOH-SECVID-P1 to RBCD principals on BURON-HV-P01"
"2026-04-24 13:40:57","RBCD","MTHOH-ITCCS-P01","BURON-HV-P01","RBCD","Added","Added MTHOH-ITCCS-P01 to RBCD principals on BURON-HV-P01"
"2026-04-24 13:40:57","RBCD","PENFL-HV-P01","BURON-HV-P01","RBCD","Added","Added PENFL-HV-P01 to RBCD principals on BURON-HV-P01"
"2026-04-24 13:40:57","RBCD","RICTX-CVTHV-P1","BURON-HV-P01","RBCD","Added","Added RICTX-CVTHV-P1 to RBCD principals on BURON-HV-P01"
"2026-04-24 13:40:57","RBCD","RICTX-HV-T01","BURON-HV-P01","RBCD","Added","Added RICTX-HV-T01 to RBCD principals on BURON-HV-P01"
"2026-04-24 13:40:57","RBCD","RICTX-UCSHV-P1","BURON-HV-P01","RBCD","Added","Added RICTX-UCSHV-P1 to RBCD principals on BURON-HV-P01"
"2026-04-24 13:40:57","RBCD","RICTX-UCSHV-P2","BURON-HV-P01","RBCD","Added","Added RICTX-UCSHV-P2 to RBCD principals on BURON-HV-P01"
"2026-04-24 13:40:57","RBCD","RICTX-UCSHV-P3","BURON-HV-P01","RBCD","Added","Added RICTX-UCSHV-P3 to RBCD principals on BURON-HV-P01"
"2026-04-24 13:40:57","RBCD","RICTX-UCSHV-P6","BURON-HV-P01","RBCD","Added","Added RICTX-UCSHV-P6 to RBCD principals on BURON-HV-P01"
"2026-04-24 13:40:57","RBCD","RICTX-UCSHV-P7","BURON-HV-P01","RBCD","Added","Added RICTX-UCSHV-P7 to RBCD principals on BURON-HV-P01"
"2026-04-24 13:40:57","RBCD","RICTX-UCSHV-P8","BURON-HV-P01","RBCD","Added","Added RICTX-UCSHV-P8 to RBCD principals on BURON-HV-P01"
"2026-04-24 13:40:57","RBCD","SWINGGEAR1","BURON-HV-P01","RBCD","Added","Added SWINGGEAR1 to RBCD principals on BURON-HV-P01"
"2026-04-24 13:40:57","RBCD","WILPA-HV-P01","BURON-HV-P01","RBCD","Added","Added WILPA-HV-P01 to RBCD principals on BURON-HV-P01"
"2026-04-24 13:40:57","RBCD","BURON-HV-P01","CENWA-SECVID-P1","RBCD","Added","Added BURON-HV-P01 to RBCD principals on CENWA-SECVID-P1"
"2026-04-24 13:40:57","RBCD","CONOH-HV-P01","CENWA-SECVID-P1","RBCD","Added","Added CONOH-HV-P01 to RBCD principals on CENWA-SECVID-P1"
"2026-04-24 13:40:57","RBCD","CONOH-SECVID-P1","CENWA-SECVID-P1","RBCD","Added","Added CONOH-SECVID-P1 to RBCD principals on CENWA-SECVID-P1"
"2026-04-24 13:40:57","RBCD","DALOH-HV-P01","CENWA-SECVID-P1","RBCD","Added","Added DALOH-HV-P01 to RBCD principals on CENWA-SECVID-P1"
"2026-04-24 13:40:57","RBCD","DALTX-HV-P01","CENWA-SECVID-P1","RBCD","Added","Added DALTX-HV-P01 to RBCD principals on CENWA-SECVID-P1"
"2026-04-24 13:40:57","RBCD","GRINE-HV-P01","CENWA-SECVID-P1","RBCD","Added","Added GRINE-HV-P01 to RBCD principals on CENWA-SECVID-P1"
"2026-04-24 13:40:57","RBCD","LEWPA-HV-P01","CENWA-SECVID-P1","RBCD","Added","Added LEWPA-HV-P01 to RBCD principals on CENWA-SECVID-P1"
"2026-04-24 13:40:57","RBCD","LEWTX-HV-SW02","CENWA-SECVID-P1","RBCD","Added","Added LEWTX-HV-SW02 to RBCD principals on CENWA-SECVID-P1"
"2026-04-24 13:40:57","RBCD","LEWTX-HV-SW03","CENWA-SECVID-P1","RBCD","Added","Added LEWTX-HV-SW03 to RBCD principals on CENWA-SECVID-P1"
"2026-04-24 13:40:57","RBCD","LEWTX-HV-SW04","CENWA-SECVID-P1","RBCD","Added","Added LEWTX-HV-SW04 to RBCD principals on CENWA-SECVID-P1"
"2026-04-24 13:40:57","RBCD","LEWTX-HV-SW05","CENWA-SECVID-P1","RBCD","Added","Added LEWTX-HV-SW05 to RBCD principals on CENWA-SECVID-P1"
"2026-04-24 13:40:57","RBCD","LEWTX-ITCCS-P02","CENWA-SECVID-P1","RBCD","Added","Added LEWTX-ITCCS-P02 to RBCD principals on CENWA-SECVID-P1"
"2026-04-24 13:40:57","RBCD","LONNH-HV-P01","CENWA-SECVID-P1","RBCD","Added","Added LONNH-HV-P01 to RBCD principals on CENWA-SECVID-P1"
"2026-04-24 13:40:57","RBCD","MAROH-HV-P01","CENWA-SECVID-P1","RBCD","Added","Added MAROH-HV-P01 to RBCD principals on CENWA-SECVID-P1"
"2026-04-24 13:40:57","RBCD","MAROH-SECVID-P2","CENWA-SECVID-P1","RBCD","Added","Added MAROH-SECVID-P2 to RBCD principals on CENWA-SECVID-P1"
"2026-04-24 13:40:57","RBCD","MATMX-HV-P01","CENWA-SECVID-P1","RBCD","Added","Added MATMX-HV-P01 to RBCD principals on CENWA-SECVID-P1"
"2026-04-24 13:40:57","RBCD","MATMX-HV-P02","CENWA-SECVID-P1","RBCD","Added","Added MATMX-HV-P02 to RBCD principals on CENWA-SECVID-P1"
"2026-04-24 13:40:57","RBCD","MATTM-SECVID-P1","CENWA-SECVID-P1","RBCD","Added","Added MATTM-SECVID-P1 to RBCD principals on CENWA-SECVID-P1"
"2026-04-24 13:40:57","RBCD","MHOH-HV-P01","CENWA-SECVID-P1","RBCD","Added","Added MHOH-HV-P01 to RBCD principals on CENWA-SECVID-P1"
"2026-04-24 13:40:57","RBCD","MHOH-HV-P02","CENWA-SECVID-P1","RBCD","Added","Added MHOH-HV-P02 to RBCD principals on CENWA-SECVID-P1"
"2026-04-24 13:40:57","RBCD","MHOH-HV-P03","CENWA-SECVID-P1","RBCD","Added","Added MHOH-HV-P03 to RBCD principals on CENWA-SECVID-P1"
"2026-04-24 13:40:57","RBCD","MHOH-HV-P04","CENWA-SECVID-P1","RBCD","Added","Added MHOH-HV-P04 to RBCD principals on CENWA-SECVID-P1"
"2026-04-24 13:40:57","RBCD","MHOH-HV-P05","CENWA-SECVID-P1","RBCD","Added","Added MHOH-HV-P05 to RBCD principals on CENWA-SECVID-P1"
"2026-04-24 13:40:57","RBCD","MHOH-HV-P06","CENWA-SECVID-P1","RBCD","Added","Added MHOH-HV-P06 to RBCD principals on CENWA-SECVID-P1"
"2026-04-24 13:40:57","RBCD","MHOH-HV-P07","CENWA-SECVID-P1","RBCD","Added","Added MHOH-HV-P07 to RBCD principals on CENWA-SECVID-P1"
"2026-04-24 13:40:57","RBCD","MHOH-SECVID-P1","CENWA-SECVID-P1","RBCD","Added","Added MHOH-SECVID-P1 to RBCD principals on CENWA-SECVID-P1"
"2026-04-24 13:40:57","RBCD","MTHOH-ITCCS-P01","CENWA-SECVID-P1","RBCD","Added","Added MTHOH-ITCCS-P01 to RBCD principals on CENWA-SECVID-P1"
"2026-04-24 13:40:57","RBCD","PENFL-HV-P01","CENWA-SECVID-P1","RBCD","Added","Added PENFL-HV-P01 to RBCD principals on CENWA-SECVID-P1"
"2026-04-24 13:40:57","RBCD","RICTX-CVTHV-P1","CENWA-SECVID-P1","RBCD","Added","Added RICTX-CVTHV-P1 to RBCD principals on CENWA-SECVID-P1"
"2026-04-24 13:40:57","RBCD","RICTX-HV-T01","CENWA-SECVID-P1","RBCD","Added","Added RICTX-HV-T01 to RBCD principals on CENWA-SECVID-P1"
"2026-04-24 13:40:57","RBCD","RICTX-UCSHV-P1","CENWA-SECVID-P1","RBCD","Added","Added RICTX-UCSHV-P1 to RBCD principals on CENWA-SECVID-P1"
"2026-04-24 13:40:57","RBCD","RICTX-UCSHV-P2","CENWA-SECVID-P1","RBCD","Added","Added RICTX-UCSHV-P2 to RBCD principals on CENWA-SECVID-P1"
"2026-04-24 13:40:57","RBCD","RICTX-UCSHV-P3","CENWA-SECVID-P1","RBCD","Added","Added RICTX-UCSHV-P3 to RBCD principals on CENWA-SECVID-P1"
"2026-04-24 13:40:57","RBCD","RICTX-UCSHV-P6","CENWA-SECVID-P1","RBCD","Added","Added RICTX-UCSHV-P6 to RBCD principals on CENWA-SECVID-P1"
"2026-04-24 13:40:57","RBCD","RICTX-UCSHV-P7","CENWA-SECVID-P1","RBCD","Added","Added RICTX-UCSHV-P7 to RBCD principals on CENWA-SECVID-P1"
"2026-04-24 13:40:57","RBCD","RICTX-UCSHV-P8","CENWA-SECVID-P1","RBCD","Added","Added RICTX-UCSHV-P8 to RBCD principals on CENWA-SECVID-P1"
"2026-04-24 13:40:57","RBCD","SWINGGEAR1","CENWA-SECVID-P1","RBCD","Added","Added SWINGGEAR1 to RBCD principals on CENWA-SECVID-P1"
"2026-04-24 13:40:57","RBCD","WILPA-HV-P01","CENWA-SECVID-P1","RBCD","Added","Added WILPA-HV-P01 to RBCD principals on CENWA-SECVID-P1"
"2026-04-24 13:40:57","RBCD","BURON-HV-P01","CONOH-HV-P01","RBCD","Added","Added BURON-HV-P01 to RBCD principals on CONOH-HV-P01"
"2026-04-24 13:40:57","RBCD","CENWA-SECVID-P1","CONOH-HV-P01","RBCD","Added","Added CENWA-SECVID-P1 to RBCD principals on CONOH-HV-P01"
"2026-04-24 13:40:57","RBCD","CONOH-SECVID-P1","CONOH-HV-P01","RBCD","Added","Added CONOH-SECVID-P1 to RBCD principals on CONOH-HV-P01"
"2026-04-24 13:40:57","RBCD","DALOH-HV-P01","CONOH-HV-P01","RBCD","Added","Added DALOH-HV-P01 to RBCD principals on CONOH-HV-P01"
"2026-04-24 13:40:57","RBCD","DALTX-HV-P01","CONOH-HV-P01","RBCD","Added","Added DALTX-HV-P01 to RBCD principals on CONOH-HV-P01"
"2026-04-24 13:40:57","RBCD","GRINE-HV-P01","CONOH-HV-P01","RBCD","Added","Added GRINE-HV-P01 to RBCD principals on CONOH-HV-P01"
"2026-04-24 13:40:57","RBCD","LEWPA-HV-P01","CONOH-HV-P01","RBCD","Added","Added LEWPA-HV-P01 to RBCD principals on CONOH-HV-P01"
"2026-04-24 13:40:57","RBCD","LEWTX-HV-SW02","CONOH-HV-P01","RBCD","Added","Added LEWTX-HV-SW02 to RBCD principals on CONOH-HV-P01"
"2026-04-24 13:40:57","RBCD","LEWTX-HV-SW03","CONOH-HV-P01","RBCD","Added","Added LEWTX-HV-SW03 to RBCD principals on CONOH-HV-P01"
"2026-04-24 13:40:57","RBCD","LEWTX-HV-SW04","CONOH-HV-P01","RBCD","Added","Added LEWTX-HV-SW04 to RBCD principals on CONOH-HV-P01"
"2026-04-24 13:40:57","RBCD","LEWTX-HV-SW05","CONOH-HV-P01","RBCD","Added","Added LEWTX-HV-SW05 to RBCD principals on CONOH-HV-P01"
"2026-04-24 13:40:57","RBCD","LEWTX-ITCCS-P02","CONOH-HV-P01","RBCD","Added","Added LEWTX-ITCCS-P02 to RBCD principals on CONOH-HV-P01"
"2026-04-24 13:40:57","RBCD","LONNH-HV-P01","CONOH-HV-P01","RBCD","Added","Added LONNH-HV-P01 to RBCD principals on CONOH-HV-P01"
"2026-04-24 13:40:57","RBCD","MAROH-HV-P01","CONOH-HV-P01","RBCD","Added","Added MAROH-HV-P01 to RBCD principals on CONOH-HV-P01"
"2026-04-24 13:40:57","RBCD","MAROH-SECVID-P2","CONOH-HV-P01","RBCD","Added","Added MAROH-SECVID-P2 to RBCD principals on CONOH-HV-P01"
"2026-04-24 13:40:57","RBCD","MATMX-HV-P01","CONOH-HV-P01","RBCD","Added","Added MATMX-HV-P01 to RBCD principals on CONOH-HV-P01"
"2026-04-24 13:40:57","RBCD","MATMX-HV-P02","CONOH-HV-P01","RBCD","Added","Added MATMX-HV-P02 to RBCD principals on CONOH-HV-P01"
"2026-04-24 13:40:57","RBCD","MATTM-SECVID-P1","CONOH-HV-P01","RBCD","Added","Added MATTM-SECVID-P1 to RBCD principals on CONOH-HV-P01"
"2026-04-24 13:40:57","RBCD","MHOH-HV-P01","CONOH-HV-P01","RBCD","Added","Added MHOH-HV-P01 to RBCD principals on CONOH-HV-P01"
"2026-04-24 13:40:57","RBCD","MHOH-HV-P02","CONOH-HV-P01","RBCD","Added","Added MHOH-HV-P02 to RBCD principals on CONOH-HV-P01"
"2026-04-24 13:40:57","RBCD","MHOH-HV-P03","CONOH-HV-P01","RBCD","Added","Added MHOH-HV-P03 to RBCD principals on CONOH-HV-P01"
"2026-04-24 13:40:57","RBCD","MHOH-HV-P04","CONOH-HV-P01","RBCD","Added","Added MHOH-HV-P04 to RBCD principals on CONOH-HV-P01"
"2026-04-24 13:40:57","RBCD","MHOH-HV-P05","CONOH-HV-P01","RBCD","Added","Added MHOH-HV-P05 to RBCD principals on CONOH-HV-P01"
"2026-04-24 13:40:57","RBCD","MHOH-HV-P06","CONOH-HV-P01","RBCD","Added","Added MHOH-HV-P06 to RBCD principals on CONOH-HV-P01"
"2026-04-24 13:40:57","RBCD","MHOH-HV-P07","CONOH-HV-P01","RBCD","Added","Added MHOH-HV-P07 to RBCD principals on CONOH-HV-P01"
"2026-04-24 13:40:57","RBCD","MHOH-SECVID-P1","CONOH-HV-P01","RBCD","Added","Added MHOH-SECVID-P1 to RBCD principals on CONOH-HV-P01"
"2026-04-24 13:40:57","RBCD","MTHOH-ITCCS-P01","CONOH-HV-P01","RBCD","Added","Added MTHOH-ITCCS-P01 to RBCD principals on CONOH-HV-P01"
"2026-04-24 13:40:57","RBCD","PENFL-HV-P01","CONOH-HV-P01","RBCD","Added","Added PENFL-HV-P01 to RBCD principals on CONOH-HV-P01"
"2026-04-24 13:40:57","RBCD","RICTX-CVTHV-P1","CONOH-HV-P01","RBCD","Added","Added RICTX-CVTHV-P1 to RBCD principals on CONOH-HV-P01"
"2026-04-24 13:40:57","RBCD","RICTX-HV-T01","CONOH-HV-P01","RBCD","Added","Added RICTX-HV-T01 to RBCD principals on CONOH-HV-P01"
"2026-04-24 13:40:57","RBCD","RICTX-UCSHV-P1","CONOH-HV-P01","RBCD","Added","Added RICTX-UCSHV-P1 to RBCD principals on CONOH-HV-P01"
"2026-04-24 13:40:57","RBCD","RICTX-UCSHV-P2","CONOH-HV-P01","RBCD","Added","Added RICTX-UCSHV-P2 to RBCD principals on CONOH-HV-P01"
"2026-04-24 13:40:57","RBCD","RICTX-UCSHV-P3","CONOH-HV-P01","RBCD","Added","Added RICTX-UCSHV-P3 to RBCD principals on CONOH-HV-P01"
"2026-04-24 13:40:57","RBCD","RICTX-UCSHV-P6","CONOH-HV-P01","RBCD","Added","Added RICTX-UCSHV-P6 to RBCD principals on CONOH-HV-P01"
"2026-04-24 13:40:57","RBCD","RICTX-UCSHV-P7","CONOH-HV-P01","RBCD","Added","Added RICTX-UCSHV-P7 to RBCD principals on CONOH-HV-P01"
"2026-04-24 13:40:57","RBCD","RICTX-UCSHV-P8","CONOH-HV-P01","RBCD","Added","Added RICTX-UCSHV-P8 to RBCD principals on CONOH-HV-P01"
"2026-04-24 13:40:57","RBCD","SWINGGEAR1","CONOH-HV-P01","RBCD","Added","Added SWINGGEAR1 to RBCD principals on CONOH-HV-P01"
"2026-04-24 13:40:57","RBCD","WILPA-HV-P01","CONOH-HV-P01","RBCD","Added","Added WILPA-HV-P01 to RBCD principals on CONOH-HV-P01"
"2026-04-24 13:40:57","RBCD","BURON-HV-P01","CONOH-SECVID-P1","RBCD","Added","Added BURON-HV-P01 to RBCD principals on CONOH-SECVID-P1"
"2026-04-24 13:40:57","RBCD","CENWA-SECVID-P1","CONOH-SECVID-P1","RBCD","Added","Added CENWA-SECVID-P1 to RBCD principals on CONOH-SECVID-P1"
"2026-04-24 13:40:57","RBCD","CONOH-HV-P01","CONOH-SECVID-P1","RBCD","Added","Added CONOH-HV-P01 to RBCD principals on CONOH-SECVID-P1"
"2026-04-24 13:40:57","RBCD","DALOH-HV-P01","CONOH-SECVID-P1","RBCD","Added","Added DALOH-HV-P01 to RBCD principals on CONOH-SECVID-P1"
"2026-04-24 13:40:57","RBCD","DALTX-HV-P01","CONOH-SECVID-P1","RBCD","Added","Added DALTX-HV-P01 to RBCD principals on CONOH-SECVID-P1"
"2026-04-24 13:40:57","RBCD","GRINE-HV-P01","CONOH-SECVID-P1","RBCD","Added","Added GRINE-HV-P01 to RBCD principals on CONOH-SECVID-P1"
"2026-04-24 13:40:57","RBCD","LEWPA-HV-P01","CONOH-SECVID-P1","RBCD","Added","Added LEWPA-HV-P01 to RBCD principals on CONOH-SECVID-P1"
"2026-04-24 13:40:57","RBCD","LEWTX-HV-SW02","CONOH-SECVID-P1","RBCD","Added","Added LEWTX-HV-SW02 to RBCD principals on CONOH-SECVID-P1"
"2026-04-24 13:40:57","RBCD","LEWTX-HV-SW03","CONOH-SECVID-P1","RBCD","Added","Added LEWTX-HV-SW03 to RBCD principals on CONOH-SECVID-P1"
"2026-04-24 13:40:57","RBCD","LEWTX-HV-SW04","CONOH-SECVID-P1","RBCD","Added","Added LEWTX-HV-SW04 to RBCD principals on CONOH-SECVID-P1"
"2026-04-24 13:40:57","RBCD","LEWTX-HV-SW05","CONOH-SECVID-P1","RBCD","Added","Added LEWTX-HV-SW05 to RBCD principals on CONOH-SECVID-P1"
"2026-04-24 13:40:57","RBCD","LEWTX-ITCCS-P02","CONOH-SECVID-P1","RBCD","Added","Added LEWTX-ITCCS-P02 to RBCD principals on CONOH-SECVID-P1"
"2026-04-24 13:40:57","RBCD","LONNH-HV-P01","CONOH-SECVID-P1","RBCD","Added","Added LONNH-HV-P01 to RBCD principals on CONOH-SECVID-P1"
"2026-04-24 13:40:57","RBCD","MAROH-HV-P01","CONOH-SECVID-P1","RBCD","Added","Added MAROH-HV-P01 to RBCD principals on CONOH-SECVID-P1"
"2026-04-24 13:40:57","RBCD","MAROH-SECVID-P2","CONOH-SECVID-P1","RBCD","Added","Added MAROH-SECVID-P2 to RBCD principals on CONOH-SECVID-P1"
"2026-04-24 13:40:57","RBCD","MATMX-HV-P01","CONOH-SECVID-P1","RBCD","Added","Added MATMX-HV-P01 to RBCD principals on CONOH-SECVID-P1"
"2026-04-24 13:40:57","RBCD","MATMX-HV-P02","CONOH-SECVID-P1","RBCD","Added","Added MATMX-HV-P02 to RBCD principals on CONOH-SECVID-P1"
"2026-04-24 13:40:57","RBCD","MATTM-SECVID-P1","CONOH-SECVID-P1","RBCD","Added","Added MATTM-SECVID-P1 to RBCD principals on CONOH-SECVID-P1"
"2026-04-24 13:40:57","RBCD","MHOH-HV-P01","CONOH-SECVID-P1","RBCD","Added","Added MHOH-HV-P01 to RBCD principals on CONOH-SECVID-P1"
"2026-04-24 13:40:57","RBCD","MHOH-HV-P02","CONOH-SECVID-P1","RBCD","Added","Added MHOH-HV-P02 to RBCD principals on CONOH-SECVID-P1"
"2026-04-24 13:40:57","RBCD","MHOH-HV-P03","CONOH-SECVID-P1","RBCD","Added","Added MHOH-HV-P03 to RBCD principals on CONOH-SECVID-P1"
"2026-04-24 13:40:57","RBCD","MHOH-HV-P04","CONOH-SECVID-P1","RBCD","Added","Added MHOH-HV-P04 to RBCD principals on CONOH-SECVID-P1"
"2026-04-24 13:40:57","RBCD","MHOH-HV-P05","CONOH-SECVID-P1","RBCD","Added","Added MHOH-HV-P05 to RBCD principals on CONOH-SECVID-P1"
"2026-04-24 13:40:57","RBCD","MHOH-HV-P06","CONOH-SECVID-P1","RBCD","Added","Added MHOH-HV-P06 to RBCD principals on CONOH-SECVID-P1"
"2026-04-24 13:40:57","RBCD","MHOH-HV-P07","CONOH-SECVID-P1","RBCD","Added","Added MHOH-HV-P07 to RBCD principals on CONOH-SECVID-P1"
"2026-04-24 13:40:57","RBCD","MHOH-SECVID-P1","CONOH-SECVID-P1","RBCD","Added","Added MHOH-SECVID-P1 to RBCD principals on CONOH-SECVID-P1"
"2026-04-24 13:40:57","RBCD","MTHOH-ITCCS-P01","CONOH-SECVID-P1","RBCD","Added","Added MTHOH-ITCCS-P01 to RBCD principals on CONOH-SECVID-P1"
"2026-04-24 13:40:57","RBCD","PENFL-HV-P01","CONOH-SECVID-P1","RBCD","Added","Added PENFL-HV-P01 to RBCD principals on CONOH-SECVID-P1"
"2026-04-24 13:40:57","RBCD","RICTX-CVTHV-P1","CONOH-SECVID-P1","RBCD","Added","Added RICTX-CVTHV-P1 to RBCD principals on CONOH-SECVID-P1"
"2026-04-24 13:40:57","RBCD","RICTX-HV-T01","CONOH-SECVID-P1","RBCD","Added","Added RICTX-HV-T01 to RBCD principals on CONOH-SECVID-P1"
"2026-04-24 13:40:57","RBCD","RICTX-UCSHV-P1","CONOH-SECVID-P1","RBCD","Added","Added RICTX-UCSHV-P1 to RBCD principals on CONOH-SECVID-P1"
"2026-04-24 13:40:57","RBCD","RICTX-UCSHV-P2","CONOH-SECVID-P1","RBCD","Added","Added RICTX-UCSHV-P2 to RBCD principals on CONOH-SECVID-P1"
"2026-04-24 13:40:57","RBCD","RICTX-UCSHV-P3","CONOH-SECVID-P1","RBCD","Added","Added RICTX-UCSHV-P3 to RBCD principals on CONOH-SECVID-P1"
"2026-04-24 13:40:57","RBCD","RICTX-UCSHV-P6","CONOH-SECVID-P1","RBCD","Added","Added RICTX-UCSHV-P6 to RBCD principals on CONOH-SECVID-P1"
"2026-04-24 13:40:57","RBCD","RICTX-UCSHV-P7","CONOH-SECVID-P1","RBCD","Added","Added RICTX-UCSHV-P7 to RBCD principals on CONOH-SECVID-P1"
"2026-04-24 13:40:57","RBCD","RICTX-UCSHV-P8","CONOH-SECVID-P1","RBCD","Added","Added RICTX-UCSHV-P8 to RBCD principals on CONOH-SECVID-P1"
"2026-04-24 13:40:57","RBCD","SWINGGEAR1","CONOH-SECVID-P1","RBCD","Added","Added SWINGGEAR1 to RBCD principals on CONOH-SECVID-P1"
"2026-04-24 13:40:57","RBCD","WILPA-HV-P01","CONOH-SECVID-P1","RBCD","Added","Added WILPA-HV-P01 to RBCD principals on CONOH-SECVID-P1"
"2026-04-24 13:40:57","RBCD","BURON-HV-P01","DALOH-HV-P01","RBCD","Added","Added BURON-HV-P01 to RBCD principals on DALOH-HV-P01"
"2026-04-24 13:40:57","RBCD","CENWA-SECVID-P1","DALOH-HV-P01","RBCD","Added","Added CENWA-SECVID-P1 to RBCD principals on DALOH-HV-P01"
"2026-04-24 13:40:57","RBCD","CONOH-HV-P01","DALOH-HV-P01","RBCD","Added","Added CONOH-HV-P01 to RBCD principals on DALOH-HV-P01"
"2026-04-24 13:40:57","RBCD","CONOH-SECVID-P1","DALOH-HV-P01","RBCD","Added","Added CONOH-SECVID-P1 to RBCD principals on DALOH-HV-P01"
"2026-04-24 13:40:57","RBCD","DALTX-HV-P01","DALOH-HV-P01","RBCD","Added","Added DALTX-HV-P01 to RBCD principals on DALOH-HV-P01"
"2026-04-24 13:40:57","RBCD","GRINE-HV-P01","DALOH-HV-P01","RBCD","Added","Added GRINE-HV-P01 to RBCD principals on DALOH-HV-P01"
"2026-04-24 13:40:57","RBCD","LEWPA-HV-P01","DALOH-HV-P01","RBCD","Added","Added LEWPA-HV-P01 to RBCD principals on DALOH-HV-P01"
"2026-04-24 13:40:57","RBCD","LEWTX-HV-SW02","DALOH-HV-P01","RBCD","Added","Added LEWTX-HV-SW02 to RBCD principals on DALOH-HV-P01"
"2026-04-24 13:40:57","RBCD","LEWTX-HV-SW03","DALOH-HV-P01","RBCD","Added","Added LEWTX-HV-SW03 to RBCD principals on DALOH-HV-P01"
"2026-04-24 13:40:57","RBCD","LEWTX-HV-SW04","DALOH-HV-P01","RBCD","Added","Added LEWTX-HV-SW04 to RBCD principals on DALOH-HV-P01"
"2026-04-24 13:40:57","RBCD","LEWTX-HV-SW05","DALOH-HV-P01","RBCD","Added","Added LEWTX-HV-SW05 to RBCD principals on DALOH-HV-P01"
"2026-04-24 13:40:57","RBCD","LEWTX-ITCCS-P02","DALOH-HV-P01","RBCD","Added","Added LEWTX-ITCCS-P02 to RBCD principals on DALOH-HV-P01"
"2026-04-24 13:40:57","RBCD","LONNH-HV-P01","DALOH-HV-P01","RBCD","Added","Added LONNH-HV-P01 to RBCD principals on DALOH-HV-P01"
"2026-04-24 13:40:57","RBCD","MAROH-HV-P01","DALOH-HV-P01","RBCD","Added","Added MAROH-HV-P01 to RBCD principals on DALOH-HV-P01"
"2026-04-24 13:40:57","RBCD","MAROH-SECVID-P2","DALOH-HV-P01","RBCD","Added","Added MAROH-SECVID-P2 to RBCD principals on DALOH-HV-P01"
"2026-04-24 13:40:57","RBCD","MATMX-HV-P01","DALOH-HV-P01","RBCD","Added","Added MATMX-HV-P01 to RBCD principals on DALOH-HV-P01"
"2026-04-24 13:40:57","RBCD","MATMX-HV-P02","DALOH-HV-P01","RBCD","Added","Added MATMX-HV-P02 to RBCD principals on DALOH-HV-P01"
"2026-04-24 13:40:57","RBCD","MATTM-SECVID-P1","DALOH-HV-P01","RBCD","Added","Added MATTM-SECVID-P1 to RBCD principals on DALOH-HV-P01"
"2026-04-24 13:40:57","RBCD","MHOH-HV-P01","DALOH-HV-P01","RBCD","Added","Added MHOH-HV-P01 to RBCD principals on DALOH-HV-P01"
"2026-04-24 13:40:57","RBCD","MHOH-HV-P02","DALOH-HV-P01","RBCD","Added","Added MHOH-HV-P02 to RBCD principals on DALOH-HV-P01"
"2026-04-24 13:40:57","RBCD","MHOH-HV-P03","DALOH-HV-P01","RBCD","Added","Added MHOH-HV-P03 to RBCD principals on DALOH-HV-P01"
"2026-04-24 13:40:57","RBCD","MHOH-HV-P04","DALOH-HV-P01","RBCD","Added","Added MHOH-HV-P04 to RBCD principals on DALOH-HV-P01"
"2026-04-24 13:40:57","RBCD","MHOH-HV-P05","DALOH-HV-P01","RBCD","Added","Added MHOH-HV-P05 to RBCD principals on DALOH-HV-P01"
"2026-04-24 13:40:57","RBCD","MHOH-HV-P06","DALOH-HV-P01","RBCD","Added","Added MHOH-HV-P06 to RBCD principals on DALOH-HV-P01"
"2026-04-24 13:40:57","RBCD","MHOH-HV-P07","DALOH-HV-P01","RBCD","Added","Added MHOH-HV-P07 to RBCD principals on DALOH-HV-P01"
"2026-04-24 13:40:57","RBCD","MHOH-SECVID-P1","DALOH-HV-P01","RBCD","Added","Added MHOH-SECVID-P1 to RBCD principals on DALOH-HV-P01"
"2026-04-24 13:40:57","RBCD","MTHOH-ITCCS-P01","DALOH-HV-P01","RBCD","Added","Added MTHOH-ITCCS-P01 to RBCD principals on DALOH-HV-P01"
"2026-04-24 13:40:57","RBCD","PENFL-HV-P01","DALOH-HV-P01","RBCD","Added","Added PENFL-HV-P01 to RBCD principals on DALOH-HV-P01"
"2026-04-24 13:40:57","RBCD","RICTX-CVTHV-P1","DALOH-HV-P01","RBCD","Added","Added RICTX-CVTHV-P1 to RBCD principals on DALOH-HV-P01"
"2026-04-24 13:40:57","RBCD","RICTX-HV-T01","DALOH-HV-P01","RBCD","Added","Added RICTX-HV-T01 to RBCD principals on DALOH-HV-P01"
"2026-04-24 13:40:57","RBCD","RICTX-UCSHV-P1","DALOH-HV-P01","RBCD","Added","Added RICTX-UCSHV-P1 to RBCD principals on DALOH-HV-P01"
"2026-04-24 13:40:57","RBCD","RICTX-UCSHV-P2","DALOH-HV-P01","RBCD","Added","Added RICTX-UCSHV-P2 to RBCD principals on DALOH-HV-P01"
"2026-04-24 13:40:57","RBCD","RICTX-UCSHV-P3","DALOH-HV-P01","RBCD","Added","Added RICTX-UCSHV-P3 to RBCD principals on DALOH-HV-P01"
"2026-04-24 13:40:57","RBCD","RICTX-UCSHV-P6","DALOH-HV-P01","RBCD","Added","Added RICTX-UCSHV-P6 to RBCD principals on DALOH-HV-P01"
"2026-04-24 13:40:57","RBCD","RICTX-UCSHV-P7","DALOH-HV-P01","RBCD","Added","Added RICTX-UCSHV-P7 to RBCD principals on DALOH-HV-P01"
"2026-04-24 13:40:57","RBCD","RICTX-UCSHV-P8","DALOH-HV-P01","RBCD","Added","Added RICTX-UCSHV-P8 to RBCD principals on DALOH-HV-P01"
"2026-04-24 13:40:57","RBCD","SWINGGEAR1","DALOH-HV-P01","RBCD","Added","Added SWINGGEAR1 to RBCD principals on DALOH-HV-P01"
"2026-04-24 13:40:57","RBCD","WILPA-HV-P01","DALOH-HV-P01","RBCD","Added","Added WILPA-HV-P01 to RBCD principals on DALOH-HV-P01"
"2026-04-24 13:40:57","RBCD","BURON-HV-P01","DALTX-HV-P01","RBCD","Added","Added BURON-HV-P01 to RBCD principals on DALTX-HV-P01"
"2026-04-24 13:40:57","RBCD","CENWA-SECVID-P1","DALTX-HV-P01","RBCD","Added","Added CENWA-SECVID-P1 to RBCD principals on DALTX-HV-P01"
"2026-04-24 13:40:57","RBCD","CONOH-HV-P01","DALTX-HV-P01","RBCD","Added","Added CONOH-HV-P01 to RBCD principals on DALTX-HV-P01"
"2026-04-24 13:40:57","RBCD","CONOH-SECVID-P1","DALTX-HV-P01","RBCD","Added","Added CONOH-SECVID-P1 to RBCD principals on DALTX-HV-P01"
"2026-04-24 13:40:57","RBCD","DALOH-HV-P01","DALTX-HV-P01","RBCD","Added","Added DALOH-HV-P01 to RBCD principals on DALTX-HV-P01"
"2026-04-24 13:40:57","RBCD","GRINE-HV-P01","DALTX-HV-P01","RBCD","Added","Added GRINE-HV-P01 to RBCD principals on DALTX-HV-P01"
"2026-04-24 13:40:57","RBCD","LEWPA-HV-P01","DALTX-HV-P01","RBCD","Added","Added LEWPA-HV-P01 to RBCD principals on DALTX-HV-P01"
"2026-04-24 13:40:57","RBCD","LEWTX-HV-SW02","DALTX-HV-P01","RBCD","Added","Added LEWTX-HV-SW02 to RBCD principals on DALTX-HV-P01"
"2026-04-24 13:40:57","RBCD","LEWTX-HV-SW03","DALTX-HV-P01","RBCD","Added","Added LEWTX-HV-SW03 to RBCD principals on DALTX-HV-P01"
"2026-04-24 13:40:57","RBCD","LEWTX-HV-SW04","DALTX-HV-P01","RBCD","Added","Added LEWTX-HV-SW04 to RBCD principals on DALTX-HV-P01"
"2026-04-24 13:40:57","RBCD","LEWTX-HV-SW05","DALTX-HV-P01","RBCD","Added","Added LEWTX-HV-SW05 to RBCD principals on DALTX-HV-P01"
"2026-04-24 13:40:57","RBCD","LEWTX-ITCCS-P02","DALTX-HV-P01","RBCD","Added","Added LEWTX-ITCCS-P02 to RBCD principals on DALTX-HV-P01"
"2026-04-24 13:40:57","RBCD","LONNH-HV-P01","DALTX-HV-P01","RBCD","Added","Added LONNH-HV-P01 to RBCD principals on DALTX-HV-P01"
"2026-04-24 13:40:57","RBCD","MAROH-HV-P01","DALTX-HV-P01","RBCD","Added","Added MAROH-HV-P01 to RBCD principals on DALTX-HV-P01"
"2026-04-24 13:40:57","RBCD","MAROH-SECVID-P2","DALTX-HV-P01","RBCD","Added","Added MAROH-SECVID-P2 to RBCD principals on DALTX-HV-P01"
"2026-04-24 13:40:57","RBCD","MATMX-HV-P01","DALTX-HV-P01","RBCD","Added","Added MATMX-HV-P01 to RBCD principals on DALTX-HV-P01"
"2026-04-24 13:40:57","RBCD","MATMX-HV-P02","DALTX-HV-P01","RBCD","Added","Added MATMX-HV-P02 to RBCD principals on DALTX-HV-P01"
"2026-04-24 13:40:57","RBCD","MATTM-SECVID-P1","DALTX-HV-P01","RBCD","Added","Added MATTM-SECVID-P1 to RBCD principals on DALTX-HV-P01"
"2026-04-24 13:40:57","RBCD","MHOH-HV-P01","DALTX-HV-P01","RBCD","Added","Added MHOH-HV-P01 to RBCD principals on DALTX-HV-P01"
"2026-04-24 13:40:57","RBCD","MHOH-HV-P02","DALTX-HV-P01","RBCD","Added","Added MHOH-HV-P02 to RBCD principals on DALTX-HV-P01"
"2026-04-24 13:40:57","RBCD","MHOH-HV-P03","DALTX-HV-P01","RBCD","Added","Added MHOH-HV-P03 to RBCD principals on DALTX-HV-P01"
"2026-04-24 13:40:57","RBCD","MHOH-HV-P04","DALTX-HV-P01","RBCD","Added","Added MHOH-HV-P04 to RBCD principals on DALTX-HV-P01"
"2026-04-24 13:40:57","RBCD","MHOH-HV-P05","DALTX-HV-P01","RBCD","Added","Added MHOH-HV-P05 to RBCD principals on DALTX-HV-P01"
"2026-04-24 13:40:57","RBCD","MHOH-HV-P06","DALTX-HV-P01","RBCD","Added","Added MHOH-HV-P06 to RBCD principals on DALTX-HV-P01"
"2026-04-24 13:40:57","RBCD","MHOH-HV-P07","DALTX-HV-P01","RBCD","Added","Added MHOH-HV-P07 to RBCD principals on DALTX-HV-P01"
"2026-04-24 13:40:57","RBCD","MHOH-SECVID-P1","DALTX-HV-P01","RBCD","Added","Added MHOH-SECVID-P1 to RBCD principals on DALTX-HV-P01"
"2026-04-24 13:40:57","RBCD","MTHOH-ITCCS-P01","DALTX-HV-P01","RBCD","Added","Added MTHOH-ITCCS-P01 to RBCD principals on DALTX-HV-P01"
"2026-04-24 13:40:57","RBCD","PENFL-HV-P01","DALTX-HV-P01","RBCD","Added","Added PENFL-HV-P01 to RBCD principals on DALTX-HV-P01"
"2026-04-24 13:40:57","RBCD","RICTX-CVTHV-P1","DALTX-HV-P01","RBCD","Added","Added RICTX-CVTHV-P1 to RBCD principals on DALTX-HV-P01"
"2026-04-24 13:40:57","RBCD","RICTX-HV-T01","DALTX-HV-P01","RBCD","Added","Added RICTX-HV-T01 to RBCD principals on DALTX-HV-P01"
"2026-04-24 13:40:57","RBCD","RICTX-UCSHV-P1","DALTX-HV-P01","RBCD","Added","Added RICTX-UCSHV-P1 to RBCD principals on DALTX-HV-P01"
"2026-04-24 13:40:57","RBCD","RICTX-UCSHV-P2","DALTX-HV-P01","RBCD","Added","Added RICTX-UCSHV-P2 to RBCD principals on DALTX-HV-P01"
"2026-04-24 13:40:57","RBCD","RICTX-UCSHV-P3","DALTX-HV-P01","RBCD","Added","Added RICTX-UCSHV-P3 to RBCD principals on DALTX-HV-P01"
"2026-04-24 13:40:57","RBCD","RICTX-UCSHV-P6","DALTX-HV-P01","RBCD","Added","Added RICTX-UCSHV-P6 to RBCD principals on DALTX-HV-P01"
"2026-04-24 13:40:57","RBCD","RICTX-UCSHV-P7","DALTX-HV-P01","RBCD","Added","Added RICTX-UCSHV-P7 to RBCD principals on DALTX-HV-P01"
"2026-04-24 13:40:57","RBCD","RICTX-UCSHV-P8","DALTX-HV-P01","RBCD","Added","Added RICTX-UCSHV-P8 to RBCD principals on DALTX-HV-P01"
"2026-04-24 13:40:57","RBCD","SWINGGEAR1","DALTX-HV-P01","RBCD","Added","Added SWINGGEAR1 to RBCD principals on DALTX-HV-P01"
"2026-04-24 13:40:57","RBCD","WILPA-HV-P01","DALTX-HV-P01","RBCD","Added","Added WILPA-HV-P01 to RBCD principals on DALTX-HV-P01"
"2026-04-24 13:40:57","RBCD","BURON-HV-P01","GRINE-HV-P01","RBCD","Added","Added BURON-HV-P01 to RBCD principals on GRINE-HV-P01"
"2026-04-24 13:40:57","RBCD","CENWA-SECVID-P1","GRINE-HV-P01","RBCD","Added","Added CENWA-SECVID-P1 to RBCD principals on GRINE-HV-P01"
"2026-04-24 13:40:57","RBCD","CONOH-HV-P01","GRINE-HV-P01","RBCD","Added","Added CONOH-HV-P01 to RBCD principals on GRINE-HV-P01"
"2026-04-24 13:40:57","RBCD","CONOH-SECVID-P1","GRINE-HV-P01","RBCD","Added","Added CONOH-SECVID-P1 to RBCD principals on GRINE-HV-P01"
"2026-04-24 13:40:57","RBCD","DALOH-HV-P01","GRINE-HV-P01","RBCD","Added","Added DALOH-HV-P01 to RBCD principals on GRINE-HV-P01"
"2026-04-24 13:40:57","RBCD","DALTX-HV-P01","GRINE-HV-P01","RBCD","Added","Added DALTX-HV-P01 to RBCD principals on GRINE-HV-P01"
"2026-04-24 13:40:57","RBCD","LEWPA-HV-P01","GRINE-HV-P01","RBCD","Added","Added LEWPA-HV-P01 to RBCD principals on GRINE-HV-P01"
"2026-04-24 13:40:57","RBCD","LEWTX-HV-SW02","GRINE-HV-P01","RBCD","Added","Added LEWTX-HV-SW02 to RBCD principals on GRINE-HV-P01"
"2026-04-24 13:40:57","RBCD","LEWTX-HV-SW03","GRINE-HV-P01","RBCD","Added","Added LEWTX-HV-SW03 to RBCD principals on GRINE-HV-P01"
"2026-04-24 13:40:57","RBCD","LEWTX-HV-SW04","GRINE-HV-P01","RBCD","Added","Added LEWTX-HV-SW04 to RBCD principals on GRINE-HV-P01"
"2026-04-24 13:40:57","RBCD","LEWTX-HV-SW05","GRINE-HV-P01","RBCD","Added","Added LEWTX-HV-SW05 to RBCD principals on GRINE-HV-P01"
"2026-04-24 13:40:57","RBCD","LEWTX-ITCCS-P02","GRINE-HV-P01","RBCD","Added","Added LEWTX-ITCCS-P02 to RBCD principals on GRINE-HV-P01"
"2026-04-24 13:40:57","RBCD","LONNH-HV-P01","GRINE-HV-P01","RBCD","Added","Added LONNH-HV-P01 to RBCD principals on GRINE-HV-P01"
"2026-04-24 13:40:57","RBCD","MAROH-HV-P01","GRINE-HV-P01","RBCD","Added","Added MAROH-HV-P01 to RBCD principals on GRINE-HV-P01"
"2026-04-24 13:40:57","RBCD","MAROH-SECVID-P2","GRINE-HV-P01","RBCD","Added","Added MAROH-SECVID-P2 to RBCD principals on GRINE-HV-P01"
"2026-04-24 13:40:57","RBCD","MATMX-HV-P01","GRINE-HV-P01","RBCD","Added","Added MATMX-HV-P01 to RBCD principals on GRINE-HV-P01"
"2026-04-24 13:40:57","RBCD","MATMX-HV-P02","GRINE-HV-P01","RBCD","Added","Added MATMX-HV-P02 to RBCD principals on GRINE-HV-P01"
"2026-04-24 13:40:57","RBCD","MATTM-SECVID-P1","GRINE-HV-P01","RBCD","Added","Added MATTM-SECVID-P1 to RBCD principals on GRINE-HV-P01"
"2026-04-24 13:40:57","RBCD","MHOH-HV-P01","GRINE-HV-P01","RBCD","Added","Added MHOH-HV-P01 to RBCD principals on GRINE-HV-P01"
"2026-04-24 13:40:57","RBCD","MHOH-HV-P02","GRINE-HV-P01","RBCD","Added","Added MHOH-HV-P02 to RBCD principals on GRINE-HV-P01"
"2026-04-24 13:40:57","RBCD","MHOH-HV-P03","GRINE-HV-P01","RBCD","Added","Added MHOH-HV-P03 to RBCD principals on GRINE-HV-P01"
"2026-04-24 13:40:57","RBCD","MHOH-HV-P04","GRINE-HV-P01","RBCD","Added","Added MHOH-HV-P04 to RBCD principals on GRINE-HV-P01"
"2026-04-24 13:40:57","RBCD","MHOH-HV-P05","GRINE-HV-P01","RBCD","Added","Added MHOH-HV-P05 to RBCD principals on GRINE-HV-P01"
"2026-04-24 13:40:57","RBCD","MHOH-HV-P06","GRINE-HV-P01","RBCD","Added","Added MHOH-HV-P06 to RBCD principals on GRINE-HV-P01"
"2026-04-24 13:40:57","RBCD","MHOH-HV-P07","GRINE-HV-P01","RBCD","Added","Added MHOH-HV-P07 to RBCD principals on GRINE-HV-P01"
"2026-04-24 13:40:57","RBCD","MHOH-SECVID-P1","GRINE-HV-P01","RBCD","Added","Added MHOH-SECVID-P1 to RBCD principals on GRINE-HV-P01"
"2026-04-24 13:40:57","RBCD","MTHOH-ITCCS-P01","GRINE-HV-P01","RBCD","Added","Added MTHOH-ITCCS-P01 to RBCD principals on GRINE-HV-P01"
"2026-04-24 13:40:57","RBCD","PENFL-HV-P01","GRINE-HV-P01","RBCD","Added","Added PENFL-HV-P01 to RBCD principals on GRINE-HV-P01"
"2026-04-24 13:40:57","RBCD","RICTX-CVTHV-P1","GRINE-HV-P01","RBCD","Added","Added RICTX-CVTHV-P1 to RBCD principals on GRINE-HV-P01"
"2026-04-24 13:40:57","RBCD","RICTX-HV-T01","GRINE-HV-P01","RBCD","Added","Added RICTX-HV-T01 to RBCD principals on GRINE-HV-P01"
"2026-04-24 13:40:57","RBCD","RICTX-UCSHV-P1","GRINE-HV-P01","RBCD","Added","Added RICTX-UCSHV-P1 to RBCD principals on GRINE-HV-P01"
"2026-04-24 13:40:57","RBCD","RICTX-UCSHV-P2","GRINE-HV-P01","RBCD","Added","Added RICTX-UCSHV-P2 to RBCD principals on GRINE-HV-P01"
"2026-04-24 13:40:57","RBCD","RICTX-UCSHV-P3","GRINE-HV-P01","RBCD","Added","Added RICTX-UCSHV-P3 to RBCD principals on GRINE-HV-P01"
"2026-04-24 13:40:57","RBCD","RICTX-UCSHV-P6","GRINE-HV-P01","RBCD","Added","Added RICTX-UCSHV-P6 to RBCD principals on GRINE-HV-P01"
"2026-04-24 13:40:57","RBCD","RICTX-UCSHV-P7","GRINE-HV-P01","RBCD","Added","Added RICTX-UCSHV-P7 to RBCD principals on GRINE-HV-P01"
"2026-04-24 13:40:57","RBCD","RICTX-UCSHV-P8","GRINE-HV-P01","RBCD","Added","Added RICTX-UCSHV-P8 to RBCD principals on GRINE-HV-P01"
"2026-04-24 13:40:57","RBCD","SWINGGEAR1","GRINE-HV-P01","RBCD","Added","Added SWINGGEAR1 to RBCD principals on GRINE-HV-P01"
"2026-04-24 13:40:57","RBCD","WILPA-HV-P01","GRINE-HV-P01","RBCD","Added","Added WILPA-HV-P01 to RBCD principals on GRINE-HV-P01"
"2026-04-24 13:40:57","RBCD","BURON-HV-P01","LEWPA-HV-P01","RBCD","Added","Added BURON-HV-P01 to RBCD principals on LEWPA-HV-P01"
"2026-04-24 13:40:57","RBCD","CENWA-SECVID-P1","LEWPA-HV-P01","RBCD","Added","Added CENWA-SECVID-P1 to RBCD principals on LEWPA-HV-P01"
"2026-04-24 13:40:57","RBCD","CONOH-HV-P01","LEWPA-HV-P01","RBCD","Added","Added CONOH-HV-P01 to RBCD principals on LEWPA-HV-P01"
"2026-04-24 13:40:57","RBCD","CONOH-SECVID-P1","LEWPA-HV-P01","RBCD","Added","Added CONOH-SECVID-P1 to RBCD principals on LEWPA-HV-P01"
"2026-04-24 13:40:57","RBCD","DALOH-HV-P01","LEWPA-HV-P01","RBCD","Added","Added DALOH-HV-P01 to RBCD principals on LEWPA-HV-P01"
"2026-04-24 13:40:57","RBCD","DALTX-HV-P01","LEWPA-HV-P01","RBCD","Added","Added DALTX-HV-P01 to RBCD principals on LEWPA-HV-P01"
"2026-04-24 13:40:57","RBCD","GRINE-HV-P01","LEWPA-HV-P01","RBCD","Added","Added GRINE-HV-P01 to RBCD principals on LEWPA-HV-P01"
"2026-04-24 13:40:57","RBCD","LEWTX-HV-SW02","LEWPA-HV-P01","RBCD","Added","Added LEWTX-HV-SW02 to RBCD principals on LEWPA-HV-P01"
"2026-04-24 13:40:57","RBCD","LEWTX-HV-SW03","LEWPA-HV-P01","RBCD","Added","Added LEWTX-HV-SW03 to RBCD principals on LEWPA-HV-P01"
"2026-04-24 13:40:57","RBCD","LEWTX-HV-SW04","LEWPA-HV-P01","RBCD","Added","Added LEWTX-HV-SW04 to RBCD principals on LEWPA-HV-P01"
"2026-04-24 13:40:57","RBCD","LEWTX-HV-SW05","LEWPA-HV-P01","RBCD","Added","Added LEWTX-HV-SW05 to RBCD principals on LEWPA-HV-P01"
"2026-04-24 13:40:57","RBCD","LEWTX-ITCCS-P02","LEWPA-HV-P01","RBCD","Added","Added LEWTX-ITCCS-P02 to RBCD principals on LEWPA-HV-P01"
"2026-04-24 13:40:57","RBCD","LONNH-HV-P01","LEWPA-HV-P01","RBCD","Added","Added LONNH-HV-P01 to RBCD principals on LEWPA-HV-P01"
"2026-04-24 13:40:57","RBCD","MAROH-HV-P01","LEWPA-HV-P01","RBCD","Added","Added MAROH-HV-P01 to RBCD principals on LEWPA-HV-P01"
"2026-04-24 13:40:57","RBCD","MAROH-SECVID-P2","LEWPA-HV-P01","RBCD","Added","Added MAROH-SECVID-P2 to RBCD principals on LEWPA-HV-P01"
"2026-04-24 13:40:57","RBCD","MATMX-HV-P01","LEWPA-HV-P01","RBCD","Added","Added MATMX-HV-P01 to RBCD principals on LEWPA-HV-P01"
"2026-04-24 13:40:57","RBCD","MATMX-HV-P02","LEWPA-HV-P01","RBCD","Added","Added MATMX-HV-P02 to RBCD principals on LEWPA-HV-P01"
"2026-04-24 13:40:57","RBCD","MATTM-SECVID-P1","LEWPA-HV-P01","RBCD","Added","Added MATTM-SECVID-P1 to RBCD principals on LEWPA-HV-P01"
"2026-04-24 13:40:57","RBCD","MHOH-HV-P01","LEWPA-HV-P01","RBCD","Added","Added MHOH-HV-P01 to RBCD principals on LEWPA-HV-P01"
"2026-04-24 13:40:57","RBCD","MHOH-HV-P02","LEWPA-HV-P01","RBCD","Added","Added MHOH-HV-P02 to RBCD principals on LEWPA-HV-P01"
"2026-04-24 13:40:57","RBCD","MHOH-HV-P03","LEWPA-HV-P01","RBCD","Added","Added MHOH-HV-P03 to RBCD principals on LEWPA-HV-P01"
"2026-04-24 13:40:57","RBCD","MHOH-HV-P04","LEWPA-HV-P01","RBCD","Added","Added MHOH-HV-P04 to RBCD principals on LEWPA-HV-P01"
"2026-04-24 13:40:57","RBCD","MHOH-HV-P05","LEWPA-HV-P01","RBCD","Added","Added MHOH-HV-P05 to RBCD principals on LEWPA-HV-P01"
"2026-04-24 13:40:57","RBCD","MHOH-HV-P06","LEWPA-HV-P01","RBCD","Added","Added MHOH-HV-P06 to RBCD principals on LEWPA-HV-P01"
"2026-04-24 13:40:57","RBCD","MHOH-HV-P07","LEWPA-HV-P01","RBCD","Added","Added MHOH-HV-P07 to RBCD principals on LEWPA-HV-P01"
"2026-04-24 13:40:57","RBCD","MHOH-SECVID-P1","LEWPA-HV-P01","RBCD","Added","Added MHOH-SECVID-P1 to RBCD principals on LEWPA-HV-P01"
"2026-04-24 13:40:57","RBCD","MTHOH-ITCCS-P01","LEWPA-HV-P01","RBCD","Added","Added MTHOH-ITCCS-P01 to RBCD principals on LEWPA-HV-P01"
"2026-04-24 13:40:57","RBCD","PENFL-HV-P01","LEWPA-HV-P01","RBCD","Added","Added PENFL-HV-P01 to RBCD principals on LEWPA-HV-P01"
"2026-04-24 13:40:57","RBCD","RICTX-CVTHV-P1","LEWPA-HV-P01","RBCD","Added","Added RICTX-CVTHV-P1 to RBCD principals on LEWPA-HV-P01"
"2026-04-24 13:40:57","RBCD","RICTX-HV-T01","LEWPA-HV-P01","RBCD","Added","Added RICTX-HV-T01 to RBCD principals on LEWPA-HV-P01"
"2026-04-24 13:40:57","RBCD","RICTX-UCSHV-P1","LEWPA-HV-P01","RBCD","Added","Added RICTX-UCSHV-P1 to RBCD principals on LEWPA-HV-P01"
"2026-04-24 13:40:57","RBCD","RICTX-UCSHV-P2","LEWPA-HV-P01","RBCD","Added","Added RICTX-UCSHV-P2 to RBCD principals on LEWPA-HV-P01"
"2026-04-24 13:40:57","RBCD","RICTX-UCSHV-P3","LEWPA-HV-P01","RBCD","Added","Added RICTX-UCSHV-P3 to RBCD principals on LEWPA-HV-P01"
"2026-04-24 13:40:57","RBCD","RICTX-UCSHV-P6","LEWPA-HV-P01","RBCD","Added","Added RICTX-UCSHV-P6 to RBCD principals on LEWPA-HV-P01"
"2026-04-24 13:40:57","RBCD","RICTX-UCSHV-P7","LEWPA-HV-P01","RBCD","Added","Added RICTX-UCSHV-P7 to RBCD principals on LEWPA-HV-P01"
"2026-04-24 13:40:57","RBCD","RICTX-UCSHV-P8","LEWPA-HV-P01","RBCD","Added","Added RICTX-UCSHV-P8 to RBCD principals on LEWPA-HV-P01"
"2026-04-24 13:40:57","RBCD","SWINGGEAR1","LEWPA-HV-P01","RBCD","Added","Added SWINGGEAR1 to RBCD principals on LEWPA-HV-P01"
"2026-04-24 13:40:57","RBCD","WILPA-HV-P01","LEWPA-HV-P01","RBCD","Added","Added WILPA-HV-P01 to RBCD principals on LEWPA-HV-P01"
"2026-04-24 13:40:57","RBCD","BURON-HV-P01","LEWTX-HV-SW02","RBCD","Added","Added BURON-HV-P01 to RBCD principals on LEWTX-HV-SW02"
"2026-04-24 13:40:57","RBCD","CENWA-SECVID-P1","LEWTX-HV-SW02","RBCD","Added","Added CENWA-SECVID-P1 to RBCD principals on LEWTX-HV-SW02"
"2026-04-24 13:40:57","RBCD","CONOH-HV-P01","LEWTX-HV-SW02","RBCD","Added","Added CONOH-HV-P01 to RBCD principals on LEWTX-HV-SW02"
"2026-04-24 13:40:57","RBCD","CONOH-SECVID-P1","LEWTX-HV-SW02","RBCD","Added","Added CONOH-SECVID-P1 to RBCD principals on LEWTX-HV-SW02"
"2026-04-24 13:40:57","RBCD","DALOH-HV-P01","LEWTX-HV-SW02","RBCD","Added","Added DALOH-HV-P01 to RBCD principals on LEWTX-HV-SW02"
"2026-04-24 13:40:57","RBCD","DALTX-HV-P01","LEWTX-HV-SW02","RBCD","Added","Added DALTX-HV-P01 to RBCD principals on LEWTX-HV-SW02"
"2026-04-24 13:40:57","RBCD","GRINE-HV-P01","LEWTX-HV-SW02","RBCD","Added","Added GRINE-HV-P01 to RBCD principals on LEWTX-HV-SW02"
"2026-04-24 13:40:57","RBCD","LEWPA-HV-P01","LEWTX-HV-SW02","RBCD","Added","Added LEWPA-HV-P01 to RBCD principals on LEWTX-HV-SW02"
"2026-04-24 13:40:57","RBCD","LEWTX-HV-SW03","LEWTX-HV-SW02","RBCD","Added","Added LEWTX-HV-SW03 to RBCD principals on LEWTX-HV-SW02"
"2026-04-24 13:40:57","RBCD","LEWTX-HV-SW04","LEWTX-HV-SW02","RBCD","Added","Added LEWTX-HV-SW04 to RBCD principals on LEWTX-HV-SW02"
"2026-04-24 13:40:57","RBCD","LEWTX-HV-SW05","LEWTX-HV-SW02","RBCD","Added","Added LEWTX-HV-SW05 to RBCD principals on LEWTX-HV-SW02"
"2026-04-24 13:40:57","RBCD","LEWTX-ITCCS-P02","LEWTX-HV-SW02","RBCD","Added","Added LEWTX-ITCCS-P02 to RBCD principals on LEWTX-HV-SW02"
"2026-04-24 13:40:57","RBCD","LONNH-HV-P01","LEWTX-HV-SW02","RBCD","Added","Added LONNH-HV-P01 to RBCD principals on LEWTX-HV-SW02"
"2026-04-24 13:40:57","RBCD","MAROH-HV-P01","LEWTX-HV-SW02","RBCD","Added","Added MAROH-HV-P01 to RBCD principals on LEWTX-HV-SW02"
"2026-04-24 13:40:57","RBCD","MAROH-SECVID-P2","LEWTX-HV-SW02","RBCD","Added","Added MAROH-SECVID-P2 to RBCD principals on LEWTX-HV-SW02"
"2026-04-24 13:40:57","RBCD","MATMX-HV-P01","LEWTX-HV-SW02","RBCD","Added","Added MATMX-HV-P01 to RBCD principals on LEWTX-HV-SW02"
"2026-04-24 13:40:57","RBCD","MATMX-HV-P02","LEWTX-HV-SW02","RBCD","Added","Added MATMX-HV-P02 to RBCD principals on LEWTX-HV-SW02"
"2026-04-24 13:40:57","RBCD","MATTM-SECVID-P1","LEWTX-HV-SW02","RBCD","Added","Added MATTM-SECVID-P1 to RBCD principals on LEWTX-HV-SW02"
"2026-04-24 13:40:57","RBCD","MHOH-HV-P01","LEWTX-HV-SW02","RBCD","Added","Added MHOH-HV-P01 to RBCD principals on LEWTX-HV-SW02"
"2026-04-24 13:40:57","RBCD","MHOH-HV-P02","LEWTX-HV-SW02","RBCD","Added","Added MHOH-HV-P02 to RBCD principals on LEWTX-HV-SW02"
"2026-04-24 13:40:57","RBCD","MHOH-HV-P03","LEWTX-HV-SW02","RBCD","Added","Added MHOH-HV-P03 to RBCD principals on LEWTX-HV-SW02"
"2026-04-24 13:40:57","RBCD","MHOH-HV-P04","LEWTX-HV-SW02","RBCD","Added","Added MHOH-HV-P04 to RBCD principals on LEWTX-HV-SW02"
"2026-04-24 13:40:57","RBCD","MHOH-HV-P05","LEWTX-HV-SW02","RBCD","Added","Added MHOH-HV-P05 to RBCD principals on LEWTX-HV-SW02"
"2026-04-24 13:40:57","RBCD","MHOH-HV-P06","LEWTX-HV-SW02","RBCD","Added","Added MHOH-HV-P06 to RBCD principals on LEWTX-HV-SW02"
"2026-04-24 13:40:57","RBCD","MHOH-HV-P07","LEWTX-HV-SW02","RBCD","Added","Added MHOH-HV-P07 to RBCD principals on LEWTX-HV-SW02"
"2026-04-24 13:40:57","RBCD","MHOH-SECVID-P1","LEWTX-HV-SW02","RBCD","Added","Added MHOH-SECVID-P1 to RBCD principals on LEWTX-HV-SW02"
"2026-04-24 13:40:57","RBCD","MTHOH-ITCCS-P01","LEWTX-HV-SW02","RBCD","Added","Added MTHOH-ITCCS-P01 to RBCD principals on LEWTX-HV-SW02"
"2026-04-24 13:40:57","RBCD","PENFL-HV-P01","LEWTX-HV-SW02","RBCD","Added","Added PENFL-HV-P01 to RBCD principals on LEWTX-HV-SW02"
"2026-04-24 13:40:57","RBCD","RICTX-CVTHV-P1","LEWTX-HV-SW02","RBCD","Added","Added RICTX-CVTHV-P1 to RBCD principals on LEWTX-HV-SW02"
"2026-04-24 13:40:57","RBCD","RICTX-HV-T01","LEWTX-HV-SW02","RBCD","Added","Added RICTX-HV-T01 to RBCD principals on LEWTX-HV-SW02"
"2026-04-24 13:40:57","RBCD","RICTX-UCSHV-P1","LEWTX-HV-SW02","RBCD","Added","Added RICTX-UCSHV-P1 to RBCD principals on LEWTX-HV-SW02"
"2026-04-24 13:40:57","RBCD","RICTX-UCSHV-P2","LEWTX-HV-SW02","RBCD","Added","Added RICTX-UCSHV-P2 to RBCD principals on LEWTX-HV-SW02"
"2026-04-24 13:40:57","RBCD","RICTX-UCSHV-P3","LEWTX-HV-SW02","RBCD","Added","Added RICTX-UCSHV-P3 to RBCD principals on LEWTX-HV-SW02"
"2026-04-24 13:40:57","RBCD","RICTX-UCSHV-P6","LEWTX-HV-SW02","RBCD","Added","Added RICTX-UCSHV-P6 to RBCD principals on LEWTX-HV-SW02"
"2026-04-24 13:40:57","RBCD","RICTX-UCSHV-P7","LEWTX-HV-SW02","RBCD","Added","Added RICTX-UCSHV-P7 to RBCD principals on LEWTX-HV-SW02"
"2026-04-24 13:40:57","RBCD","RICTX-UCSHV-P8","LEWTX-HV-SW02","RBCD","Added","Added RICTX-UCSHV-P8 to RBCD principals on LEWTX-HV-SW02"
"2026-04-24 13:40:57","RBCD","SWINGGEAR1","LEWTX-HV-SW02","RBCD","Added","Added SWINGGEAR1 to RBCD principals on LEWTX-HV-SW02"
"2026-04-24 13:40:57","RBCD","WILPA-HV-P01","LEWTX-HV-SW02","RBCD","Added","Added WILPA-HV-P01 to RBCD principals on LEWTX-HV-SW02"
"2026-04-24 13:40:57","RBCD","BURON-HV-P01","LEWTX-HV-SW03","RBCD","Added","Added BURON-HV-P01 to RBCD principals on LEWTX-HV-SW03"
"2026-04-24 13:40:57","RBCD","CENWA-SECVID-P1","LEWTX-HV-SW03","RBCD","Added","Added CENWA-SECVID-P1 to RBCD principals on LEWTX-HV-SW03"
"2026-04-24 13:40:57","RBCD","CONOH-HV-P01","LEWTX-HV-SW03","RBCD","Added","Added CONOH-HV-P01 to RBCD principals on LEWTX-HV-SW03"
"2026-04-24 13:40:57","RBCD","CONOH-SECVID-P1","LEWTX-HV-SW03","RBCD","Added","Added CONOH-SECVID-P1 to RBCD principals on LEWTX-HV-SW03"
"2026-04-24 13:40:57","RBCD","DALOH-HV-P01","LEWTX-HV-SW03","RBCD","Added","Added DALOH-HV-P01 to RBCD principals on LEWTX-HV-SW03"
"2026-04-24 13:40:57","RBCD","DALTX-HV-P01","LEWTX-HV-SW03","RBCD","Added","Added DALTX-HV-P01 to RBCD principals on LEWTX-HV-SW03"
"2026-04-24 13:40:57","RBCD","GRINE-HV-P01","LEWTX-HV-SW03","RBCD","Added","Added GRINE-HV-P01 to RBCD principals on LEWTX-HV-SW03"
"2026-04-24 13:40:57","RBCD","LEWPA-HV-P01","LEWTX-HV-SW03","RBCD","Added","Added LEWPA-HV-P01 to RBCD principals on LEWTX-HV-SW03"
"2026-04-24 13:40:57","RBCD","LEWTX-HV-SW02","LEWTX-HV-SW03","RBCD","Added","Added LEWTX-HV-SW02 to RBCD principals on LEWTX-HV-SW03"
"2026-04-24 13:40:57","RBCD","LEWTX-HV-SW04","LEWTX-HV-SW03","RBCD","Added","Added LEWTX-HV-SW04 to RBCD principals on LEWTX-HV-SW03"
"2026-04-24 13:40:57","RBCD","LEWTX-HV-SW05","LEWTX-HV-SW03","RBCD","Added","Added LEWTX-HV-SW05 to RBCD principals on LEWTX-HV-SW03"
"2026-04-24 13:40:57","RBCD","LEWTX-ITCCS-P02","LEWTX-HV-SW03","RBCD","Added","Added LEWTX-ITCCS-P02 to RBCD principals on LEWTX-HV-SW03"
"2026-04-24 13:40:57","RBCD","LONNH-HV-P01","LEWTX-HV-SW03","RBCD","Added","Added LONNH-HV-P01 to RBCD principals on LEWTX-HV-SW03"
"2026-04-24 13:40:57","RBCD","MAROH-HV-P01","LEWTX-HV-SW03","RBCD","Added","Added MAROH-HV-P01 to RBCD principals on LEWTX-HV-SW03"
"2026-04-24 13:40:57","RBCD","MAROH-SECVID-P2","LEWTX-HV-SW03","RBCD","Added","Added MAROH-SECVID-P2 to RBCD principals on LEWTX-HV-SW03"
"2026-04-24 13:40:57","RBCD","MATMX-HV-P01","LEWTX-HV-SW03","RBCD","Added","Added MATMX-HV-P01 to RBCD principals on LEWTX-HV-SW03"
"2026-04-24 13:40:57","RBCD","MATMX-HV-P02","LEWTX-HV-SW03","RBCD","Added","Added MATMX-HV-P02 to RBCD principals on LEWTX-HV-SW03"
"2026-04-24 13:40:57","RBCD","MATTM-SECVID-P1","LEWTX-HV-SW03","RBCD","Added","Added MATTM-SECVID-P1 to RBCD principals on LEWTX-HV-SW03"
"2026-04-24 13:40:57","RBCD","MHOH-HV-P01","LEWTX-HV-SW03","RBCD","Added","Added MHOH-HV-P01 to RBCD principals on LEWTX-HV-SW03"
"2026-04-24 13:40:57","RBCD","MHOH-HV-P02","LEWTX-HV-SW03","RBCD","Added","Added MHOH-HV-P02 to RBCD principals on LEWTX-HV-SW03"
"2026-04-24 13:40:57","RBCD","MHOH-HV-P03","LEWTX-HV-SW03","RBCD","Added","Added MHOH-HV-P03 to RBCD principals on LEWTX-HV-SW03"
"2026-04-24 13:40:57","RBCD","MHOH-HV-P04","LEWTX-HV-SW03","RBCD","Added","Added MHOH-HV-P04 to RBCD principals on LEWTX-HV-SW03"
"2026-04-24 13:40:57","RBCD","MHOH-HV-P05","LEWTX-HV-SW03","RBCD","Added","Added MHOH-HV-P05 to RBCD principals on LEWTX-HV-SW03"
"2026-04-24 13:40:57","RBCD","MHOH-HV-P06","LEWTX-HV-SW03","RBCD","Added","Added MHOH-HV-P06 to RBCD principals on LEWTX-HV-SW03"
"2026-04-24 13:40:57","RBCD","MHOH-HV-P07","LEWTX-HV-SW03","RBCD","Added","Added MHOH-HV-P07 to RBCD principals on LEWTX-HV-SW03"
"2026-04-24 13:40:57","RBCD","MHOH-SECVID-P1","LEWTX-HV-SW03","RBCD","Added","Added MHOH-SECVID-P1 to RBCD principals on LEWTX-HV-SW03"
"2026-04-24 13:40:57","RBCD","MTHOH-ITCCS-P01","LEWTX-HV-SW03","RBCD","Added","Added MTHOH-ITCCS-P01 to RBCD principals on LEWTX-HV-SW03"
"2026-04-24 13:40:57","RBCD","PENFL-HV-P01","LEWTX-HV-SW03","RBCD","Added","Added PENFL-HV-P01 to RBCD principals on LEWTX-HV-SW03"
"2026-04-24 13:40:57","RBCD","RICTX-CVTHV-P1","LEWTX-HV-SW03","RBCD","Added","Added RICTX-CVTHV-P1 to RBCD principals on LEWTX-HV-SW03"
"2026-04-24 13:40:57","RBCD","RICTX-HV-T01","LEWTX-HV-SW03","RBCD","Added","Added RICTX-HV-T01 to RBCD principals on LEWTX-HV-SW03"
"2026-04-24 13:40:57","RBCD","RICTX-UCSHV-P1","LEWTX-HV-SW03","RBCD","Added","Added RICTX-UCSHV-P1 to RBCD principals on LEWTX-HV-SW03"
"2026-04-24 13:40:57","RBCD","RICTX-UCSHV-P2","LEWTX-HV-SW03","RBCD","Added","Added RICTX-UCSHV-P2 to RBCD principals on LEWTX-HV-SW03"
"2026-04-24 13:40:57","RBCD","RICTX-UCSHV-P3","LEWTX-HV-SW03","RBCD","Added","Added RICTX-UCSHV-P3 to RBCD principals on LEWTX-HV-SW03"
"2026-04-24 13:40:57","RBCD","RICTX-UCSHV-P6","LEWTX-HV-SW03","RBCD","Added","Added RICTX-UCSHV-P6 to RBCD principals on LEWTX-HV-SW03"
"2026-04-24 13:40:57","RBCD","RICTX-UCSHV-P7","LEWTX-HV-SW03","RBCD","Added","Added RICTX-UCSHV-P7 to RBCD principals on LEWTX-HV-SW03"
"2026-04-24 13:40:57","RBCD","RICTX-UCSHV-P8","LEWTX-HV-SW03","RBCD","Added","Added RICTX-UCSHV-P8 to RBCD principals on LEWTX-HV-SW03"
"2026-04-24 13:40:57","RBCD","SWINGGEAR1","LEWTX-HV-SW03","RBCD","Added","Added SWINGGEAR1 to RBCD principals on LEWTX-HV-SW03"
"2026-04-24 13:40:57","RBCD","WILPA-HV-P01","LEWTX-HV-SW03","RBCD","Added","Added WILPA-HV-P01 to RBCD principals on LEWTX-HV-SW03"
"2026-04-24 13:40:58","RBCD","BURON-HV-P01","LEWTX-HV-SW04","RBCD","Added","Added BURON-HV-P01 to RBCD principals on LEWTX-HV-SW04"
"2026-04-24 13:40:58","RBCD","CENWA-SECVID-P1","LEWTX-HV-SW04","RBCD","Added","Added CENWA-SECVID-P1 to RBCD principals on LEWTX-HV-SW04"
"2026-04-24 13:40:58","RBCD","CONOH-HV-P01","LEWTX-HV-SW04","RBCD","Added","Added CONOH-HV-P01 to RBCD principals on LEWTX-HV-SW04"
"2026-04-24 13:40:58","RBCD","CONOH-SECVID-P1","LEWTX-HV-SW04","RBCD","Added","Added CONOH-SECVID-P1 to RBCD principals on LEWTX-HV-SW04"
"2026-04-24 13:40:58","RBCD","DALOH-HV-P01","LEWTX-HV-SW04","RBCD","Added","Added DALOH-HV-P01 to RBCD principals on LEWTX-HV-SW04"
"2026-04-24 13:40:58","RBCD","DALTX-HV-P01","LEWTX-HV-SW04","RBCD","Added","Added DALTX-HV-P01 to RBCD principals on LEWTX-HV-SW04"
"2026-04-24 13:40:58","RBCD","GRINE-HV-P01","LEWTX-HV-SW04","RBCD","Added","Added GRINE-HV-P01 to RBCD principals on LEWTX-HV-SW04"
"2026-04-24 13:40:58","RBCD","LEWPA-HV-P01","LEWTX-HV-SW04","RBCD","Added","Added LEWPA-HV-P01 to RBCD principals on LEWTX-HV-SW04"
"2026-04-24 13:40:58","RBCD","LEWTX-HV-SW02","LEWTX-HV-SW04","RBCD","Added","Added LEWTX-HV-SW02 to RBCD principals on LEWTX-HV-SW04"
"2026-04-24 13:40:58","RBCD","LEWTX-HV-SW03","LEWTX-HV-SW04","RBCD","Added","Added LEWTX-HV-SW03 to RBCD principals on LEWTX-HV-SW04"
"2026-04-24 13:40:58","RBCD","LEWTX-HV-SW05","LEWTX-HV-SW04","RBCD","Added","Added LEWTX-HV-SW05 to RBCD principals on LEWTX-HV-SW04"
"2026-04-24 13:40:58","RBCD","LEWTX-ITCCS-P02","LEWTX-HV-SW04","RBCD","Added","Added LEWTX-ITCCS-P02 to RBCD principals on LEWTX-HV-SW04"
"2026-04-24 13:40:58","RBCD","LONNH-HV-P01","LEWTX-HV-SW04","RBCD","Added","Added LONNH-HV-P01 to RBCD principals on LEWTX-HV-SW04"
"2026-04-24 13:40:58","RBCD","MAROH-HV-P01","LEWTX-HV-SW04","RBCD","Added","Added MAROH-HV-P01 to RBCD principals on LEWTX-HV-SW04"
"2026-04-24 13:40:58","RBCD","MAROH-SECVID-P2","LEWTX-HV-SW04","RBCD","Added","Added MAROH-SECVID-P2 to RBCD principals on LEWTX-HV-SW04"
"2026-04-24 13:40:58","RBCD","MATMX-HV-P01","LEWTX-HV-SW04","RBCD","Added","Added MATMX-HV-P01 to RBCD principals on LEWTX-HV-SW04"
"2026-04-24 13:40:58","RBCD","MATMX-HV-P02","LEWTX-HV-SW04","RBCD","Added","Added MATMX-HV-P02 to RBCD principals on LEWTX-HV-SW04"
"2026-04-24 13:40:58","RBCD","MATTM-SECVID-P1","LEWTX-HV-SW04","RBCD","Added","Added MATTM-SECVID-P1 to RBCD principals on LEWTX-HV-SW04"
"2026-04-24 13:40:58","RBCD","MHOH-HV-P01","LEWTX-HV-SW04","RBCD","Added","Added MHOH-HV-P01 to RBCD principals on LEWTX-HV-SW04"
"2026-04-24 13:40:58","RBCD","MHOH-HV-P02","LEWTX-HV-SW04","RBCD","Added","Added MHOH-HV-P02 to RBCD principals on LEWTX-HV-SW04"
"2026-04-24 13:40:58","RBCD","MHOH-HV-P03","LEWTX-HV-SW04","RBCD","Added","Added MHOH-HV-P03 to RBCD principals on LEWTX-HV-SW04"
"2026-04-24 13:40:58","RBCD","MHOH-HV-P04","LEWTX-HV-SW04","RBCD","Added","Added MHOH-HV-P04 to RBCD principals on LEWTX-HV-SW04"
"2026-04-24 13:40:58","RBCD","MHOH-HV-P05","LEWTX-HV-SW04","RBCD","Added","Added MHOH-HV-P05 to RBCD principals on LEWTX-HV-SW04"
"2026-04-24 13:40:58","RBCD","MHOH-HV-P06","LEWTX-HV-SW04","RBCD","Added","Added MHOH-HV-P06 to RBCD principals on LEWTX-HV-SW04"
"2026-04-24 13:40:58","RBCD","MHOH-HV-P07","LEWTX-HV-SW04","RBCD","Added","Added MHOH-HV-P07 to RBCD principals on LEWTX-HV-SW04"
"2026-04-24 13:40:58","RBCD","MHOH-SECVID-P1","LEWTX-HV-SW04","RBCD","Added","Added MHOH-SECVID-P1 to RBCD principals on LEWTX-HV-SW04"
"2026-04-24 13:40:58","RBCD","MTHOH-ITCCS-P01","LEWTX-HV-SW04","RBCD","Added","Added MTHOH-ITCCS-P01 to RBCD principals on LEWTX-HV-SW04"
"2026-04-24 13:40:58","RBCD","PENFL-HV-P01","LEWTX-HV-SW04","RBCD","Added","Added PENFL-HV-P01 to RBCD principals on LEWTX-HV-SW04"
"2026-04-24 13:40:58","RBCD","RICTX-CVTHV-P1","LEWTX-HV-SW04","RBCD","Added","Added RICTX-CVTHV-P1 to RBCD principals on LEWTX-HV-SW04"
"2026-04-24 13:40:58","RBCD","RICTX-HV-T01","LEWTX-HV-SW04","RBCD","Added","Added RICTX-HV-T01 to RBCD principals on LEWTX-HV-SW04"
"2026-04-24 13:40:58","RBCD","RICTX-UCSHV-P1","LEWTX-HV-SW04","RBCD","Added","Added RICTX-UCSHV-P1 to RBCD principals on LEWTX-HV-SW04"
"2026-04-24 13:40:58","RBCD","RICTX-UCSHV-P2","LEWTX-HV-SW04","RBCD","Added","Added RICTX-UCSHV-P2 to RBCD principals on LEWTX-HV-SW04"
"2026-04-24 13:40:58","RBCD","RICTX-UCSHV-P3","LEWTX-HV-SW04","RBCD","Added","Added RICTX-UCSHV-P3 to RBCD principals on LEWTX-HV-SW04"
"2026-04-24 13:40:58","RBCD","RICTX-UCSHV-P6","LEWTX-HV-SW04","RBCD","Added","Added RICTX-UCSHV-P6 to RBCD principals on LEWTX-HV-SW04"
"2026-04-24 13:40:58","RBCD","RICTX-UCSHV-P7","LEWTX-HV-SW04","RBCD","Added","Added RICTX-UCSHV-P7 to RBCD principals on LEWTX-HV-SW04"
"2026-04-24 13:40:58","RBCD","RICTX-UCSHV-P8","LEWTX-HV-SW04","RBCD","Added","Added RICTX-UCSHV-P8 to RBCD principals on LEWTX-HV-SW04"
"2026-04-24 13:40:58","RBCD","SWINGGEAR1","LEWTX-HV-SW04","RBCD","Added","Added SWINGGEAR1 to RBCD principals on LEWTX-HV-SW04"
"2026-04-24 13:40:58","RBCD","WILPA-HV-P01","LEWTX-HV-SW04","RBCD","Added","Added WILPA-HV-P01 to RBCD principals on LEWTX-HV-SW04"
"2026-04-24 13:40:58","RBCD","BURON-HV-P01","LEWTX-HV-SW05","RBCD","Added","Added BURON-HV-P01 to RBCD principals on LEWTX-HV-SW05"
"2026-04-24 13:40:58","RBCD","CENWA-SECVID-P1","LEWTX-HV-SW05","RBCD","Added","Added CENWA-SECVID-P1 to RBCD principals on LEWTX-HV-SW05"
"2026-04-24 13:40:58","RBCD","CONOH-HV-P01","LEWTX-HV-SW05","RBCD","Added","Added CONOH-HV-P01 to RBCD principals on LEWTX-HV-SW05"
"2026-04-24 13:40:58","RBCD","CONOH-SECVID-P1","LEWTX-HV-SW05","RBCD","Added","Added CONOH-SECVID-P1 to RBCD principals on LEWTX-HV-SW05"
"2026-04-24 13:40:58","RBCD","DALOH-HV-P01","LEWTX-HV-SW05","RBCD","Added","Added DALOH-HV-P01 to RBCD principals on LEWTX-HV-SW05"
"2026-04-24 13:40:58","RBCD","DALTX-HV-P01","LEWTX-HV-SW05","RBCD","Added","Added DALTX-HV-P01 to RBCD principals on LEWTX-HV-SW05"
"2026-04-24 13:40:58","RBCD","GRINE-HV-P01","LEWTX-HV-SW05","RBCD","Added","Added GRINE-HV-P01 to RBCD principals on LEWTX-HV-SW05"
"2026-04-24 13:40:58","RBCD","LEWPA-HV-P01","LEWTX-HV-SW05","RBCD","Added","Added LEWPA-HV-P01 to RBCD principals on LEWTX-HV-SW05"
"2026-04-24 13:40:58","RBCD","LEWTX-HV-SW02","LEWTX-HV-SW05","RBCD","Added","Added LEWTX-HV-SW02 to RBCD principals on LEWTX-HV-SW05"
"2026-04-24 13:40:58","RBCD","LEWTX-HV-SW03","LEWTX-HV-SW05","RBCD","Added","Added LEWTX-HV-SW03 to RBCD principals on LEWTX-HV-SW05"
"2026-04-24 13:40:58","RBCD","LEWTX-HV-SW04","LEWTX-HV-SW05","RBCD","Added","Added LEWTX-HV-SW04 to RBCD principals on LEWTX-HV-SW05"
"2026-04-24 13:40:58","RBCD","LEWTX-ITCCS-P02","LEWTX-HV-SW05","RBCD","Added","Added LEWTX-ITCCS-P02 to RBCD principals on LEWTX-HV-SW05"
"2026-04-24 13:40:58","RBCD","LONNH-HV-P01","LEWTX-HV-SW05","RBCD","Added","Added LONNH-HV-P01 to RBCD principals on LEWTX-HV-SW05"
"2026-04-24 13:40:58","RBCD","MAROH-HV-P01","LEWTX-HV-SW05","RBCD","Added","Added MAROH-HV-P01 to RBCD principals on LEWTX-HV-SW05"
"2026-04-24 13:40:58","RBCD","MAROH-SECVID-P2","LEWTX-HV-SW05","RBCD","Added","Added MAROH-SECVID-P2 to RBCD principals on LEWTX-HV-SW05"
"2026-04-24 13:40:58","RBCD","MATMX-HV-P01","LEWTX-HV-SW05","RBCD","Added","Added MATMX-HV-P01 to RBCD principals on LEWTX-HV-SW05"
"2026-04-24 13:40:58","RBCD","MATMX-HV-P02","LEWTX-HV-SW05","RBCD","Added","Added MATMX-HV-P02 to RBCD principals on LEWTX-HV-SW05"
"2026-04-24 13:40:58","RBCD","MATTM-SECVID-P1","LEWTX-HV-SW05","RBCD","Added","Added MATTM-SECVID-P1 to RBCD principals on LEWTX-HV-SW05"
"2026-04-24 13:40:58","RBCD","MHOH-HV-P01","LEWTX-HV-SW05","RBCD","Added","Added MHOH-HV-P01 to RBCD principals on LEWTX-HV-SW05"
"2026-04-24 13:40:58","RBCD","MHOH-HV-P02","LEWTX-HV-SW05","RBCD","Added","Added MHOH-HV-P02 to RBCD principals on LEWTX-HV-SW05"
"2026-04-24 13:40:58","RBCD","MHOH-HV-P03","LEWTX-HV-SW05","RBCD","Added","Added MHOH-HV-P03 to RBCD principals on LEWTX-HV-SW05"
"2026-04-24 13:40:58","RBCD","MHOH-HV-P04","LEWTX-HV-SW05","RBCD","Added","Added MHOH-HV-P04 to RBCD principals on LEWTX-HV-SW05"
"2026-04-24 13:40:58","RBCD","MHOH-HV-P05","LEWTX-HV-SW05","RBCD","Added","Added MHOH-HV-P05 to RBCD principals on LEWTX-HV-SW05"
"2026-04-24 13:40:58","RBCD","MHOH-HV-P06","LEWTX-HV-SW05","RBCD","Added","Added MHOH-HV-P06 to RBCD principals on LEWTX-HV-SW05"
"2026-04-24 13:40:58","RBCD","MHOH-HV-P07","LEWTX-HV-SW05","RBCD","Added","Added MHOH-HV-P07 to RBCD principals on LEWTX-HV-SW05"
"2026-04-24 13:40:58","RBCD","MHOH-SECVID-P1","LEWTX-HV-SW05","RBCD","Added","Added MHOH-SECVID-P1 to RBCD principals on LEWTX-HV-SW05"
"2026-04-24 13:40:58","RBCD","MTHOH-ITCCS-P01","LEWTX-HV-SW05","RBCD","Added","Added MTHOH-ITCCS-P01 to RBCD principals on LEWTX-HV-SW05"
"2026-04-24 13:40:58","RBCD","PENFL-HV-P01","LEWTX-HV-SW05","RBCD","Added","Added PENFL-HV-P01 to RBCD principals on LEWTX-HV-SW05"
"2026-04-24 13:40:58","RBCD","RICTX-CVTHV-P1","LEWTX-HV-SW05","RBCD","Added","Added RICTX-CVTHV-P1 to RBCD principals on LEWTX-HV-SW05"
"2026-04-24 13:40:58","RBCD","RICTX-HV-T01","LEWTX-HV-SW05","RBCD","Added","Added RICTX-HV-T01 to RBCD principals on LEWTX-HV-SW05"
"2026-04-24 13:40:58","RBCD","RICTX-UCSHV-P1","LEWTX-HV-SW05","RBCD","Added","Added RICTX-UCSHV-P1 to RBCD principals on LEWTX-HV-SW05"
"2026-04-24 13:40:58","RBCD","RICTX-UCSHV-P2","LEWTX-HV-SW05","RBCD","Added","Added RICTX-UCSHV-P2 to RBCD principals on LEWTX-HV-SW05"
"2026-04-24 13:40:58","RBCD","RICTX-UCSHV-P3","LEWTX-HV-SW05","RBCD","Added","Added RICTX-UCSHV-P3 to RBCD principals on LEWTX-HV-SW05"
"2026-04-24 13:40:58","RBCD","RICTX-UCSHV-P6","LEWTX-HV-SW05","RBCD","Added","Added RICTX-UCSHV-P6 to RBCD principals on LEWTX-HV-SW05"
"2026-04-24 13:40:58","RBCD","RICTX-UCSHV-P7","LEWTX-HV-SW05","RBCD","Added","Added RICTX-UCSHV-P7 to RBCD principals on LEWTX-HV-SW05"
"2026-04-24 13:40:58","RBCD","RICTX-UCSHV-P8","LEWTX-HV-SW05","RBCD","Added","Added RICTX-UCSHV-P8 to RBCD principals on LEWTX-HV-SW05"
"2026-04-24 13:40:58","RBCD","SWINGGEAR1","LEWTX-HV-SW05","RBCD","Added","Added SWINGGEAR1 to RBCD principals on LEWTX-HV-SW05"
"2026-04-24 13:40:58","RBCD","WILPA-HV-P01","LEWTX-HV-SW05","RBCD","Added","Added WILPA-HV-P01 to RBCD principals on LEWTX-HV-SW05"
"2026-04-24 13:40:58","RBCD","BURON-HV-P01","LEWTX-ITCCS-P02","RBCD","Added","Added BURON-HV-P01 to RBCD principals on LEWTX-ITCCS-P02"
"2026-04-24 13:40:58","RBCD","CENWA-SECVID-P1","LEWTX-ITCCS-P02","RBCD","Added","Added CENWA-SECVID-P1 to RBCD principals on LEWTX-ITCCS-P02"
"2026-04-24 13:40:58","RBCD","CONOH-HV-P01","LEWTX-ITCCS-P02","RBCD","Added","Added CONOH-HV-P01 to RBCD principals on LEWTX-ITCCS-P02"
"2026-04-24 13:40:58","RBCD","CONOH-SECVID-P1","LEWTX-ITCCS-P02","RBCD","Added","Added CONOH-SECVID-P1 to RBCD principals on LEWTX-ITCCS-P02"
"2026-04-24 13:40:58","RBCD","DALOH-HV-P01","LEWTX-ITCCS-P02","RBCD","Added","Added DALOH-HV-P01 to RBCD principals on LEWTX-ITCCS-P02"
"2026-04-24 13:40:58","RBCD","DALTX-HV-P01","LEWTX-ITCCS-P02","RBCD","Added","Added DALTX-HV-P01 to RBCD principals on LEWTX-ITCCS-P02"
"2026-04-24 13:40:58","RBCD","GRINE-HV-P01","LEWTX-ITCCS-P02","RBCD","Added","Added GRINE-HV-P01 to RBCD principals on LEWTX-ITCCS-P02"
"2026-04-24 13:40:58","RBCD","LEWPA-HV-P01","LEWTX-ITCCS-P02","RBCD","Added","Added LEWPA-HV-P01 to RBCD principals on LEWTX-ITCCS-P02"
"2026-04-24 13:40:58","RBCD","LEWTX-HV-SW02","LEWTX-ITCCS-P02","RBCD","Added","Added LEWTX-HV-SW02 to RBCD principals on LEWTX-ITCCS-P02"
"2026-04-24 13:40:58","RBCD","LEWTX-HV-SW03","LEWTX-ITCCS-P02","RBCD","Added","Added LEWTX-HV-SW03 to RBCD principals on LEWTX-ITCCS-P02"
"2026-04-24 13:40:58","RBCD","LEWTX-HV-SW04","LEWTX-ITCCS-P02","RBCD","Added","Added LEWTX-HV-SW04 to RBCD principals on LEWTX-ITCCS-P02"
"2026-04-24 13:40:58","RBCD","LEWTX-HV-SW05","LEWTX-ITCCS-P02","RBCD","Added","Added LEWTX-HV-SW05 to RBCD principals on LEWTX-ITCCS-P02"
"2026-04-24 13:40:58","RBCD","LONNH-HV-P01","LEWTX-ITCCS-P02","RBCD","Added","Added LONNH-HV-P01 to RBCD principals on LEWTX-ITCCS-P02"
"2026-04-24 13:40:58","RBCD","MAROH-HV-P01","LEWTX-ITCCS-P02","RBCD","Added","Added MAROH-HV-P01 to RBCD principals on LEWTX-ITCCS-P02"
"2026-04-24 13:40:58","RBCD","MAROH-SECVID-P2","LEWTX-ITCCS-P02","RBCD","Added","Added MAROH-SECVID-P2 to RBCD principals on LEWTX-ITCCS-P02"
"2026-04-24 13:40:58","RBCD","MATMX-HV-P01","LEWTX-ITCCS-P02","RBCD","Added","Added MATMX-HV-P01 to RBCD principals on LEWTX-ITCCS-P02"
"2026-04-24 13:40:58","RBCD","MATMX-HV-P02","LEWTX-ITCCS-P02","RBCD","Added","Added MATMX-HV-P02 to RBCD principals on LEWTX-ITCCS-P02"
"2026-04-24 13:40:58","RBCD","MATTM-SECVID-P1","LEWTX-ITCCS-P02","RBCD","Added","Added MATTM-SECVID-P1 to RBCD principals on LEWTX-ITCCS-P02"
"2026-04-24 13:40:58","RBCD","MHOH-HV-P01","LEWTX-ITCCS-P02","RBCD","Added","Added MHOH-HV-P01 to RBCD principals on LEWTX-ITCCS-P02"
"2026-04-24 13:40:58","RBCD","MHOH-HV-P02","LEWTX-ITCCS-P02","RBCD","Added","Added MHOH-HV-P02 to RBCD principals on LEWTX-ITCCS-P02"
"2026-04-24 13:40:58","RBCD","MHOH-HV-P03","LEWTX-ITCCS-P02","RBCD","Added","Added MHOH-HV-P03 to RBCD principals on LEWTX-ITCCS-P02"
"2026-04-24 13:40:58","RBCD","MHOH-HV-P04","LEWTX-ITCCS-P02","RBCD","Added","Added MHOH-HV-P04 to RBCD principals on LEWTX-ITCCS-P02"
"2026-04-24 13:40:58","RBCD","MHOH-HV-P05","LEWTX-ITCCS-P02","RBCD","Added","Added MHOH-HV-P05 to RBCD principals on LEWTX-ITCCS-P02"
"2026-04-24 13:40:58","RBCD","MHOH-HV-P06","LEWTX-ITCCS-P02","RBCD","Added","Added MHOH-HV-P06 to RBCD principals on LEWTX-ITCCS-P02"
"2026-04-24 13:40:58","RBCD","MHOH-HV-P07","LEWTX-ITCCS-P02","RBCD","Added","Added MHOH-HV-P07 to RBCD principals on LEWTX-ITCCS-P02"
"2026-04-24 13:40:58","RBCD","MHOH-SECVID-P1","LEWTX-ITCCS-P02","RBCD","Added","Added MHOH-SECVID-P1 to RBCD principals on LEWTX-ITCCS-P02"
"2026-04-24 13:40:58","RBCD","MTHOH-ITCCS-P01","LEWTX-ITCCS-P02","RBCD","Added","Added MTHOH-ITCCS-P01 to RBCD principals on LEWTX-ITCCS-P02"
"2026-04-24 13:40:58","RBCD","PENFL-HV-P01","LEWTX-ITCCS-P02","RBCD","Added","Added PENFL-HV-P01 to RBCD principals on LEWTX-ITCCS-P02"
"2026-04-24 13:40:58","RBCD","RICTX-CVTHV-P1","LEWTX-ITCCS-P02","RBCD","Added","Added RICTX-CVTHV-P1 to RBCD principals on LEWTX-ITCCS-P02"
"2026-04-24 13:40:58","RBCD","RICTX-HV-T01","LEWTX-ITCCS-P02","RBCD","Added","Added RICTX-HV-T01 to RBCD principals on LEWTX-ITCCS-P02"
"2026-04-24 13:40:58","RBCD","RICTX-UCSHV-P1","LEWTX-ITCCS-P02","RBCD","Added","Added RICTX-UCSHV-P1 to RBCD principals on LEWTX-ITCCS-P02"
"2026-04-24 13:40:58","RBCD","RICTX-UCSHV-P2","LEWTX-ITCCS-P02","RBCD","Added","Added RICTX-UCSHV-P2 to RBCD principals on LEWTX-ITCCS-P02"
"2026-04-24 13:40:58","RBCD","RICTX-UCSHV-P3","LEWTX-ITCCS-P02","RBCD","Added","Added RICTX-UCSHV-P3 to RBCD principals on LEWTX-ITCCS-P02"
"2026-04-24 13:40:58","RBCD","RICTX-UCSHV-P6","LEWTX-ITCCS-P02","RBCD","Added","Added RICTX-UCSHV-P6 to RBCD principals on LEWTX-ITCCS-P02"
"2026-04-24 13:40:58","RBCD","RICTX-UCSHV-P7","LEWTX-ITCCS-P02","RBCD","Added","Added RICTX-UCSHV-P7 to RBCD principals on LEWTX-ITCCS-P02"
"2026-04-24 13:40:58","RBCD","RICTX-UCSHV-P8","LEWTX-ITCCS-P02","RBCD","Added","Added RICTX-UCSHV-P8 to RBCD principals on LEWTX-ITCCS-P02"
"2026-04-24 13:40:58","RBCD","SWINGGEAR1","LEWTX-ITCCS-P02","RBCD","Added","Added SWINGGEAR1 to RBCD principals on LEWTX-ITCCS-P02"
"2026-04-24 13:40:58","RBCD","WILPA-HV-P01","LEWTX-ITCCS-P02","RBCD","Added","Added WILPA-HV-P01 to RBCD principals on LEWTX-ITCCS-P02"
"2026-04-24 13:40:58","RBCD","BURON-HV-P01","LONNH-HV-P01","RBCD","Added","Added BURON-HV-P01 to RBCD principals on LONNH-HV-P01"
"2026-04-24 13:40:58","RBCD","CENWA-SECVID-P1","LONNH-HV-P01","RBCD","Added","Added CENWA-SECVID-P1 to RBCD principals on LONNH-HV-P01"
"2026-04-24 13:40:58","RBCD","CONOH-HV-P01","LONNH-HV-P01","RBCD","Added","Added CONOH-HV-P01 to RBCD principals on LONNH-HV-P01"
"2026-04-24 13:40:58","RBCD","CONOH-SECVID-P1","LONNH-HV-P01","RBCD","Added","Added CONOH-SECVID-P1 to RBCD principals on LONNH-HV-P01"
"2026-04-24 13:40:58","RBCD","DALOH-HV-P01","LONNH-HV-P01","RBCD","Added","Added DALOH-HV-P01 to RBCD principals on LONNH-HV-P01"
"2026-04-24 13:40:58","RBCD","DALTX-HV-P01","LONNH-HV-P01","RBCD","Added","Added DALTX-HV-P01 to RBCD principals on LONNH-HV-P01"
"2026-04-24 13:40:58","RBCD","GRINE-HV-P01","LONNH-HV-P01","RBCD","Added","Added GRINE-HV-P01 to RBCD principals on LONNH-HV-P01"
"2026-04-24 13:40:58","RBCD","LEWPA-HV-P01","LONNH-HV-P01","RBCD","Added","Added LEWPA-HV-P01 to RBCD principals on LONNH-HV-P01"
"2026-04-24 13:40:58","RBCD","LEWTX-HV-SW02","LONNH-HV-P01","RBCD","Added","Added LEWTX-HV-SW02 to RBCD principals on LONNH-HV-P01"
"2026-04-24 13:40:58","RBCD","LEWTX-HV-SW03","LONNH-HV-P01","RBCD","Added","Added LEWTX-HV-SW03 to RBCD principals on LONNH-HV-P01"
"2026-04-24 13:40:58","RBCD","LEWTX-HV-SW04","LONNH-HV-P01","RBCD","Added","Added LEWTX-HV-SW04 to RBCD principals on LONNH-HV-P01"
"2026-04-24 13:40:58","RBCD","LEWTX-HV-SW05","LONNH-HV-P01","RBCD","Added","Added LEWTX-HV-SW05 to RBCD principals on LONNH-HV-P01"
"2026-04-24 13:40:58","RBCD","LEWTX-ITCCS-P02","LONNH-HV-P01","RBCD","Added","Added LEWTX-ITCCS-P02 to RBCD principals on LONNH-HV-P01"
"2026-04-24 13:40:58","RBCD","MAROH-HV-P01","LONNH-HV-P01","RBCD","Added","Added MAROH-HV-P01 to RBCD principals on LONNH-HV-P01"
"2026-04-24 13:40:58","RBCD","MAROH-SECVID-P2","LONNH-HV-P01","RBCD","Added","Added MAROH-SECVID-P2 to RBCD principals on LONNH-HV-P01"
"2026-04-24 13:40:58","RBCD","MATMX-HV-P01","LONNH-HV-P01","RBCD","Added","Added MATMX-HV-P01 to RBCD principals on LONNH-HV-P01"
"2026-04-24 13:40:58","RBCD","MATMX-HV-P02","LONNH-HV-P01","RBCD","Added","Added MATMX-HV-P02 to RBCD principals on LONNH-HV-P01"
"2026-04-24 13:40:58","RBCD","MATTM-SECVID-P1","LONNH-HV-P01","RBCD","Added","Added MATTM-SECVID-P1 to RBCD principals on LONNH-HV-P01"
"2026-04-24 13:40:58","RBCD","MHOH-HV-P01","LONNH-HV-P01","RBCD","Added","Added MHOH-HV-P01 to RBCD principals on LONNH-HV-P01"
"2026-04-24 13:40:58","RBCD","MHOH-HV-P02","LONNH-HV-P01","RBCD","Added","Added MHOH-HV-P02 to RBCD principals on LONNH-HV-P01"
"2026-04-24 13:40:58","RBCD","MHOH-HV-P03","LONNH-HV-P01","RBCD","Added","Added MHOH-HV-P03 to RBCD principals on LONNH-HV-P01"
"2026-04-24 13:40:58","RBCD","MHOH-HV-P04","LONNH-HV-P01","RBCD","Added","Added MHOH-HV-P04 to RBCD principals on LONNH-HV-P01"
"2026-04-24 13:40:58","RBCD","MHOH-HV-P05","LONNH-HV-P01","RBCD","Added","Added MHOH-HV-P05 to RBCD principals on LONNH-HV-P01"
"2026-04-24 13:40:58","RBCD","MHOH-HV-P06","LONNH-HV-P01","RBCD","Added","Added MHOH-HV-P06 to RBCD principals on LONNH-HV-P01"
"2026-04-24 13:40:58","RBCD","MHOH-HV-P07","LONNH-HV-P01","RBCD","Added","Added MHOH-HV-P07 to RBCD principals on LONNH-HV-P01"
"2026-04-24 13:40:58","RBCD","MHOH-SECVID-P1","LONNH-HV-P01","RBCD","Added","Added MHOH-SECVID-P1 to RBCD principals on LONNH-HV-P01"
"2026-04-24 13:40:58","RBCD","MTHOH-ITCCS-P01","LONNH-HV-P01","RBCD","Added","Added MTHOH-ITCCS-P01 to RBCD principals on LONNH-HV-P01"
"2026-04-24 13:40:58","RBCD","PENFL-HV-P01","LONNH-HV-P01","RBCD","Added","Added PENFL-HV-P01 to RBCD principals on LONNH-HV-P01"
"2026-04-24 13:40:58","RBCD","RICTX-CVTHV-P1","LONNH-HV-P01","RBCD","Added","Added RICTX-CVTHV-P1 to RBCD principals on LONNH-HV-P01"
"2026-04-24 13:40:58","RBCD","RICTX-HV-T01","LONNH-HV-P01","RBCD","Added","Added RICTX-HV-T01 to RBCD principals on LONNH-HV-P01"
"2026-04-24 13:40:58","RBCD","RICTX-UCSHV-P1","LONNH-HV-P01","RBCD","Added","Added RICTX-UCSHV-P1 to RBCD principals on LONNH-HV-P01"
"2026-04-24 13:40:58","RBCD","RICTX-UCSHV-P2","LONNH-HV-P01","RBCD","Added","Added RICTX-UCSHV-P2 to RBCD principals on LONNH-HV-P01"
"2026-04-24 13:40:58","RBCD","RICTX-UCSHV-P3","LONNH-HV-P01","RBCD","Added","Added RICTX-UCSHV-P3 to RBCD principals on LONNH-HV-P01"
"2026-04-24 13:40:58","RBCD","RICTX-UCSHV-P6","LONNH-HV-P01","RBCD","Added","Added RICTX-UCSHV-P6 to RBCD principals on LONNH-HV-P01"
"2026-04-24 13:40:58","RBCD","RICTX-UCSHV-P7","LONNH-HV-P01","RBCD","Added","Added RICTX-UCSHV-P7 to RBCD principals on LONNH-HV-P01"
"2026-04-24 13:40:58","RBCD","RICTX-UCSHV-P8","LONNH-HV-P01","RBCD","Added","Added RICTX-UCSHV-P8 to RBCD principals on LONNH-HV-P01"
"2026-04-24 13:40:58","RBCD","SWINGGEAR1","LONNH-HV-P01","RBCD","Added","Added SWINGGEAR1 to RBCD principals on LONNH-HV-P01"
"2026-04-24 13:40:58","RBCD","WILPA-HV-P01","LONNH-HV-P01","RBCD","Added","Added WILPA-HV-P01 to RBCD principals on LONNH-HV-P01"
"2026-04-24 13:40:58","RBCD","BURON-HV-P01","MAROH-HV-P01","RBCD","Added","Added BURON-HV-P01 to RBCD principals on MAROH-HV-P01"
"2026-04-24 13:40:58","RBCD","CENWA-SECVID-P1","MAROH-HV-P01","RBCD","Added","Added CENWA-SECVID-P1 to RBCD principals on MAROH-HV-P01"
"2026-04-24 13:40:58","RBCD","CONOH-HV-P01","MAROH-HV-P01","RBCD","Added","Added CONOH-HV-P01 to RBCD principals on MAROH-HV-P01"
"2026-04-24 13:40:58","RBCD","CONOH-SECVID-P1","MAROH-HV-P01","RBCD","Added","Added CONOH-SECVID-P1 to RBCD principals on MAROH-HV-P01"
"2026-04-24 13:40:58","RBCD","DALOH-HV-P01","MAROH-HV-P01","RBCD","Added","Added DALOH-HV-P01 to RBCD principals on MAROH-HV-P01"
"2026-04-24 13:40:58","RBCD","DALTX-HV-P01","MAROH-HV-P01","RBCD","Added","Added DALTX-HV-P01 to RBCD principals on MAROH-HV-P01"
"2026-04-24 13:40:58","RBCD","GRINE-HV-P01","MAROH-HV-P01","RBCD","Added","Added GRINE-HV-P01 to RBCD principals on MAROH-HV-P01"
"2026-04-24 13:40:58","RBCD","LEWPA-HV-P01","MAROH-HV-P01","RBCD","Added","Added LEWPA-HV-P01 to RBCD principals on MAROH-HV-P01"
"2026-04-24 13:40:58","RBCD","LEWTX-HV-SW02","MAROH-HV-P01","RBCD","Added","Added LEWTX-HV-SW02 to RBCD principals on MAROH-HV-P01"
"2026-04-24 13:40:58","RBCD","LEWTX-HV-SW03","MAROH-HV-P01","RBCD","Added","Added LEWTX-HV-SW03 to RBCD principals on MAROH-HV-P01"
"2026-04-24 13:40:58","RBCD","LEWTX-HV-SW04","MAROH-HV-P01","RBCD","Added","Added LEWTX-HV-SW04 to RBCD principals on MAROH-HV-P01"
"2026-04-24 13:40:58","RBCD","LEWTX-HV-SW05","MAROH-HV-P01","RBCD","Added","Added LEWTX-HV-SW05 to RBCD principals on MAROH-HV-P01"
"2026-04-24 13:40:58","RBCD","LEWTX-ITCCS-P02","MAROH-HV-P01","RBCD","Added","Added LEWTX-ITCCS-P02 to RBCD principals on MAROH-HV-P01"
"2026-04-24 13:40:58","RBCD","LONNH-HV-P01","MAROH-HV-P01","RBCD","Added","Added LONNH-HV-P01 to RBCD principals on MAROH-HV-P01"
"2026-04-24 13:40:58","RBCD","MAROH-SECVID-P2","MAROH-HV-P01","RBCD","Added","Added MAROH-SECVID-P2 to RBCD principals on MAROH-HV-P01"
"2026-04-24 13:40:58","RBCD","MATMX-HV-P01","MAROH-HV-P01","RBCD","Added","Added MATMX-HV-P01 to RBCD principals on MAROH-HV-P01"
"2026-04-24 13:40:58","RBCD","MATMX-HV-P02","MAROH-HV-P01","RBCD","Added","Added MATMX-HV-P02 to RBCD principals on MAROH-HV-P01"
"2026-04-24 13:40:58","RBCD","MATTM-SECVID-P1","MAROH-HV-P01","RBCD","Added","Added MATTM-SECVID-P1 to RBCD principals on MAROH-HV-P01"
"2026-04-24 13:40:58","RBCD","MHOH-HV-P01","MAROH-HV-P01","RBCD","Added","Added MHOH-HV-P01 to RBCD principals on MAROH-HV-P01"
"2026-04-24 13:40:58","RBCD","MHOH-HV-P02","MAROH-HV-P01","RBCD","Added","Added MHOH-HV-P02 to RBCD principals on MAROH-HV-P01"
"2026-04-24 13:40:58","RBCD","MHOH-HV-P03","MAROH-HV-P01","RBCD","Added","Added MHOH-HV-P03 to RBCD principals on MAROH-HV-P01"
"2026-04-24 13:40:58","RBCD","MHOH-HV-P04","MAROH-HV-P01","RBCD","Added","Added MHOH-HV-P04 to RBCD principals on MAROH-HV-P01"
"2026-04-24 13:40:58","RBCD","MHOH-HV-P05","MAROH-HV-P01","RBCD","Added","Added MHOH-HV-P05 to RBCD principals on MAROH-HV-P01"
"2026-04-24 13:40:58","RBCD","MHOH-HV-P06","MAROH-HV-P01","RBCD","Added","Added MHOH-HV-P06 to RBCD principals on MAROH-HV-P01"
"2026-04-24 13:40:58","RBCD","MHOH-HV-P07","MAROH-HV-P01","RBCD","Added","Added MHOH-HV-P07 to RBCD principals on MAROH-HV-P01"
"2026-04-24 13:40:58","RBCD","MHOH-SECVID-P1","MAROH-HV-P01","RBCD","Added","Added MHOH-SECVID-P1 to RBCD principals on MAROH-HV-P01"
"2026-04-24 13:40:58","RBCD","MTHOH-ITCCS-P01","MAROH-HV-P01","RBCD","Added","Added MTHOH-ITCCS-P01 to RBCD principals on MAROH-HV-P01"
"2026-04-24 13:40:58","RBCD","PENFL-HV-P01","MAROH-HV-P01","RBCD","Added","Added PENFL-HV-P01 to RBCD principals on MAROH-HV-P01"
"2026-04-24 13:40:58","RBCD","RICTX-CVTHV-P1","MAROH-HV-P01","RBCD","Added","Added RICTX-CVTHV-P1 to RBCD principals on MAROH-HV-P01"
"2026-04-24 13:40:58","RBCD","RICTX-HV-T01","MAROH-HV-P01","RBCD","Added","Added RICTX-HV-T01 to RBCD principals on MAROH-HV-P01"
"2026-04-24 13:40:58","RBCD","RICTX-UCSHV-P1","MAROH-HV-P01","RBCD","Added","Added RICTX-UCSHV-P1 to RBCD principals on MAROH-HV-P01"
"2026-04-24 13:40:58","RBCD","RICTX-UCSHV-P2","MAROH-HV-P01","RBCD","Added","Added RICTX-UCSHV-P2 to RBCD principals on MAROH-HV-P01"
"2026-04-24 13:40:58","RBCD","RICTX-UCSHV-P3","MAROH-HV-P01","RBCD","Added","Added RICTX-UCSHV-P3 to RBCD principals on MAROH-HV-P01"
"2026-04-24 13:40:58","RBCD","RICTX-UCSHV-P6","MAROH-HV-P01","RBCD","Added","Added RICTX-UCSHV-P6 to RBCD principals on MAROH-HV-P01"
"2026-04-24 13:40:58","RBCD","RICTX-UCSHV-P7","MAROH-HV-P01","RBCD","Added","Added RICTX-UCSHV-P7 to RBCD principals on MAROH-HV-P01"
"2026-04-24 13:40:58","RBCD","RICTX-UCSHV-P8","MAROH-HV-P01","RBCD","Added","Added RICTX-UCSHV-P8 to RBCD principals on MAROH-HV-P01"
"2026-04-24 13:40:58","RBCD","SWINGGEAR1","MAROH-HV-P01","RBCD","Added","Added SWINGGEAR1 to RBCD principals on MAROH-HV-P01"
"2026-04-24 13:40:58","RBCD","WILPA-HV-P01","MAROH-HV-P01","RBCD","Added","Added WILPA-HV-P01 to RBCD principals on MAROH-HV-P01"
"2026-04-24 13:40:58","RBCD","BURON-HV-P01","MAROH-SECVID-P2","RBCD","Added","Added BURON-HV-P01 to RBCD principals on MAROH-SECVID-P2"
"2026-04-24 13:40:58","RBCD","CENWA-SECVID-P1","MAROH-SECVID-P2","RBCD","Added","Added CENWA-SECVID-P1 to RBCD principals on MAROH-SECVID-P2"
"2026-04-24 13:40:58","RBCD","CONOH-HV-P01","MAROH-SECVID-P2","RBCD","Added","Added CONOH-HV-P01 to RBCD principals on MAROH-SECVID-P2"
"2026-04-24 13:40:58","RBCD","CONOH-SECVID-P1","MAROH-SECVID-P2","RBCD","Added","Added CONOH-SECVID-P1 to RBCD principals on MAROH-SECVID-P2"
"2026-04-24 13:40:58","RBCD","DALOH-HV-P01","MAROH-SECVID-P2","RBCD","Added","Added DALOH-HV-P01 to RBCD principals on MAROH-SECVID-P2"
"2026-04-24 13:40:58","RBCD","DALTX-HV-P01","MAROH-SECVID-P2","RBCD","Added","Added DALTX-HV-P01 to RBCD principals on MAROH-SECVID-P2"
"2026-04-24 13:40:58","RBCD","GRINE-HV-P01","MAROH-SECVID-P2","RBCD","Added","Added GRINE-HV-P01 to RBCD principals on MAROH-SECVID-P2"
"2026-04-24 13:40:58","RBCD","LEWPA-HV-P01","MAROH-SECVID-P2","RBCD","Added","Added LEWPA-HV-P01 to RBCD principals on MAROH-SECVID-P2"
"2026-04-24 13:40:58","RBCD","LEWTX-HV-SW02","MAROH-SECVID-P2","RBCD","Added","Added LEWTX-HV-SW02 to RBCD principals on MAROH-SECVID-P2"
"2026-04-24 13:40:58","RBCD","LEWTX-HV-SW03","MAROH-SECVID-P2","RBCD","Added","Added LEWTX-HV-SW03 to RBCD principals on MAROH-SECVID-P2"
"2026-04-24 13:40:58","RBCD","LEWTX-HV-SW04","MAROH-SECVID-P2","RBCD","Added","Added LEWTX-HV-SW04 to RBCD principals on MAROH-SECVID-P2"
"2026-04-24 13:40:58","RBCD","LEWTX-HV-SW05","MAROH-SECVID-P2","RBCD","Added","Added LEWTX-HV-SW05 to RBCD principals on MAROH-SECVID-P2"
"2026-04-24 13:40:58","RBCD","LEWTX-ITCCS-P02","MAROH-SECVID-P2","RBCD","Added","Added LEWTX-ITCCS-P02 to RBCD principals on MAROH-SECVID-P2"
"2026-04-24 13:40:58","RBCD","LONNH-HV-P01","MAROH-SECVID-P2","RBCD","Added","Added LONNH-HV-P01 to RBCD principals on MAROH-SECVID-P2"
"2026-04-24 13:40:58","RBCD","MAROH-HV-P01","MAROH-SECVID-P2","RBCD","Added","Added MAROH-HV-P01 to RBCD principals on MAROH-SECVID-P2"
"2026-04-24 13:40:58","RBCD","MATMX-HV-P01","MAROH-SECVID-P2","RBCD","Added","Added MATMX-HV-P01 to RBCD principals on MAROH-SECVID-P2"
"2026-04-24 13:40:58","RBCD","MATMX-HV-P02","MAROH-SECVID-P2","RBCD","Added","Added MATMX-HV-P02 to RBCD principals on MAROH-SECVID-P2"
"2026-04-24 13:40:58","RBCD","MATTM-SECVID-P1","MAROH-SECVID-P2","RBCD","Added","Added MATTM-SECVID-P1 to RBCD principals on MAROH-SECVID-P2"
"2026-04-24 13:40:58","RBCD","MHOH-HV-P01","MAROH-SECVID-P2","RBCD","Added","Added MHOH-HV-P01 to RBCD principals on MAROH-SECVID-P2"
"2026-04-24 13:40:58","RBCD","MHOH-HV-P02","MAROH-SECVID-P2","RBCD","Added","Added MHOH-HV-P02 to RBCD principals on MAROH-SECVID-P2"
"2026-04-24 13:40:58","RBCD","MHOH-HV-P03","MAROH-SECVID-P2","RBCD","Added","Added MHOH-HV-P03 to RBCD principals on MAROH-SECVID-P2"
"2026-04-24 13:40:58","RBCD","MHOH-HV-P04","MAROH-SECVID-P2","RBCD","Added","Added MHOH-HV-P04 to RBCD principals on MAROH-SECVID-P2"
"2026-04-24 13:40:58","RBCD","MHOH-HV-P05","MAROH-SECVID-P2","RBCD","Added","Added MHOH-HV-P05 to RBCD principals on MAROH-SECVID-P2"
"2026-04-24 13:40:58","RBCD","MHOH-HV-P06","MAROH-SECVID-P2","RBCD","Added","Added MHOH-HV-P06 to RBCD principals on MAROH-SECVID-P2"
"2026-04-24 13:40:58","RBCD","MHOH-HV-P07","MAROH-SECVID-P2","RBCD","Added","Added MHOH-HV-P07 to RBCD principals on MAROH-SECVID-P2"
"2026-04-24 13:40:58","RBCD","MHOH-SECVID-P1","MAROH-SECVID-P2","RBCD","Added","Added MHOH-SECVID-P1 to RBCD principals on MAROH-SECVID-P2"
"2026-04-24 13:40:58","RBCD","MTHOH-ITCCS-P01","MAROH-SECVID-P2","RBCD","Added","Added MTHOH-ITCCS-P01 to RBCD principals on MAROH-SECVID-P2"
"2026-04-24 13:40:58","RBCD","PENFL-HV-P01","MAROH-SECVID-P2","RBCD","Added","Added PENFL-HV-P01 to RBCD principals on MAROH-SECVID-P2"
"2026-04-24 13:40:58","RBCD","RICTX-CVTHV-P1","MAROH-SECVID-P2","RBCD","Added","Added RICTX-CVTHV-P1 to RBCD principals on MAROH-SECVID-P2"
"2026-04-24 13:40:58","RBCD","RICTX-HV-T01","MAROH-SECVID-P2","RBCD","Added","Added RICTX-HV-T01 to RBCD principals on MAROH-SECVID-P2"
"2026-04-24 13:40:58","RBCD","RICTX-UCSHV-P1","MAROH-SECVID-P2","RBCD","Added","Added RICTX-UCSHV-P1 to RBCD principals on MAROH-SECVID-P2"
"2026-04-24 13:40:58","RBCD","RICTX-UCSHV-P2","MAROH-SECVID-P2","RBCD","Added","Added RICTX-UCSHV-P2 to RBCD principals on MAROH-SECVID-P2"
"2026-04-24 13:40:58","RBCD","RICTX-UCSHV-P3","MAROH-SECVID-P2","RBCD","Added","Added RICTX-UCSHV-P3 to RBCD principals on MAROH-SECVID-P2"
"2026-04-24 13:40:58","RBCD","RICTX-UCSHV-P6","MAROH-SECVID-P2","RBCD","Added","Added RICTX-UCSHV-P6 to RBCD principals on MAROH-SECVID-P2"
"2026-04-24 13:40:58","RBCD","RICTX-UCSHV-P7","MAROH-SECVID-P2","RBCD","Added","Added RICTX-UCSHV-P7 to RBCD principals on MAROH-SECVID-P2"
"2026-04-24 13:40:58","RBCD","RICTX-UCSHV-P8","MAROH-SECVID-P2","RBCD","Added","Added RICTX-UCSHV-P8 to RBCD principals on MAROH-SECVID-P2"
"2026-04-24 13:40:58","RBCD","SWINGGEAR1","MAROH-SECVID-P2","RBCD","Added","Added SWINGGEAR1 to RBCD principals on MAROH-SECVID-P2"
"2026-04-24 13:40:58","RBCD","WILPA-HV-P01","MAROH-SECVID-P2","RBCD","Added","Added WILPA-HV-P01 to RBCD principals on MAROH-SECVID-P2"
"2026-04-24 13:40:58","RBCD","BURON-HV-P01","MATMX-HV-P01","RBCD","Added","Added BURON-HV-P01 to RBCD principals on MATMX-HV-P01"
"2026-04-24 13:40:58","RBCD","CENWA-SECVID-P1","MATMX-HV-P01","RBCD","Added","Added CENWA-SECVID-P1 to RBCD principals on MATMX-HV-P01"
"2026-04-24 13:40:58","RBCD","CONOH-HV-P01","MATMX-HV-P01","RBCD","Added","Added CONOH-HV-P01 to RBCD principals on MATMX-HV-P01"
"2026-04-24 13:40:58","RBCD","CONOH-SECVID-P1","MATMX-HV-P01","RBCD","Added","Added CONOH-SECVID-P1 to RBCD principals on MATMX-HV-P01"
"2026-04-24 13:40:58","RBCD","DALOH-HV-P01","MATMX-HV-P01","RBCD","Added","Added DALOH-HV-P01 to RBCD principals on MATMX-HV-P01"
"2026-04-24 13:40:58","RBCD","DALTX-HV-P01","MATMX-HV-P01","RBCD","Added","Added DALTX-HV-P01 to RBCD principals on MATMX-HV-P01"
"2026-04-24 13:40:58","RBCD","GRINE-HV-P01","MATMX-HV-P01","RBCD","Added","Added GRINE-HV-P01 to RBCD principals on MATMX-HV-P01"
"2026-04-24 13:40:58","RBCD","LEWPA-HV-P01","MATMX-HV-P01","RBCD","Added","Added LEWPA-HV-P01 to RBCD principals on MATMX-HV-P01"
"2026-04-24 13:40:58","RBCD","LEWTX-HV-SW02","MATMX-HV-P01","RBCD","Added","Added LEWTX-HV-SW02 to RBCD principals on MATMX-HV-P01"
"2026-04-24 13:40:58","RBCD","LEWTX-HV-SW03","MATMX-HV-P01","RBCD","Added","Added LEWTX-HV-SW03 to RBCD principals on MATMX-HV-P01"
"2026-04-24 13:40:58","RBCD","LEWTX-HV-SW04","MATMX-HV-P01","RBCD","Added","Added LEWTX-HV-SW04 to RBCD principals on MATMX-HV-P01"
"2026-04-24 13:40:58","RBCD","LEWTX-HV-SW05","MATMX-HV-P01","RBCD","Added","Added LEWTX-HV-SW05 to RBCD principals on MATMX-HV-P01"
"2026-04-24 13:40:58","RBCD","LEWTX-ITCCS-P02","MATMX-HV-P01","RBCD","Added","Added LEWTX-ITCCS-P02 to RBCD principals on MATMX-HV-P01"
"2026-04-24 13:40:58","RBCD","LONNH-HV-P01","MATMX-HV-P01","RBCD","Added","Added LONNH-HV-P01 to RBCD principals on MATMX-HV-P01"
"2026-04-24 13:40:58","RBCD","MAROH-HV-P01","MATMX-HV-P01","RBCD","Added","Added MAROH-HV-P01 to RBCD principals on MATMX-HV-P01"
"2026-04-24 13:40:58","RBCD","MAROH-SECVID-P2","MATMX-HV-P01","RBCD","Added","Added MAROH-SECVID-P2 to RBCD principals on MATMX-HV-P01"
"2026-04-24 13:40:58","RBCD","MATMX-HV-P02","MATMX-HV-P01","RBCD","Added","Added MATMX-HV-P02 to RBCD principals on MATMX-HV-P01"
"2026-04-24 13:40:58","RBCD","MATTM-SECVID-P1","MATMX-HV-P01","RBCD","Added","Added MATTM-SECVID-P1 to RBCD principals on MATMX-HV-P01"
"2026-04-24 13:40:58","RBCD","MHOH-HV-P01","MATMX-HV-P01","RBCD","Added","Added MHOH-HV-P01 to RBCD principals on MATMX-HV-P01"
"2026-04-24 13:40:58","RBCD","MHOH-HV-P02","MATMX-HV-P01","RBCD","Added","Added MHOH-HV-P02 to RBCD principals on MATMX-HV-P01"
"2026-04-24 13:40:58","RBCD","MHOH-HV-P03","MATMX-HV-P01","RBCD","Added","Added MHOH-HV-P03 to RBCD principals on MATMX-HV-P01"
"2026-04-24 13:40:58","RBCD","MHOH-HV-P04","MATMX-HV-P01","RBCD","Added","Added MHOH-HV-P04 to RBCD principals on MATMX-HV-P01"
"2026-04-24 13:40:58","RBCD","MHOH-HV-P05","MATMX-HV-P01","RBCD","Added","Added MHOH-HV-P05 to RBCD principals on MATMX-HV-P01"
"2026-04-24 13:40:58","RBCD","MHOH-HV-P06","MATMX-HV-P01","RBCD","Added","Added MHOH-HV-P06 to RBCD principals on MATMX-HV-P01"
"2026-04-24 13:40:58","RBCD","MHOH-HV-P07","MATMX-HV-P01","RBCD","Added","Added MHOH-HV-P07 to RBCD principals on MATMX-HV-P01"
"2026-04-24 13:40:58","RBCD","MHOH-SECVID-P1","MATMX-HV-P01","RBCD","Added","Added MHOH-SECVID-P1 to RBCD principals on MATMX-HV-P01"
"2026-04-24 13:40:58","RBCD","MTHOH-ITCCS-P01","MATMX-HV-P01","RBCD","Added","Added MTHOH-ITCCS-P01 to RBCD principals on MATMX-HV-P01"
"2026-04-24 13:40:58","RBCD","PENFL-HV-P01","MATMX-HV-P01","RBCD","Added","Added PENFL-HV-P01 to RBCD principals on MATMX-HV-P01"
"2026-04-24 13:40:58","RBCD","RICTX-CVTHV-P1","MATMX-HV-P01","RBCD","Added","Added RICTX-CVTHV-P1 to RBCD principals on MATMX-HV-P01"
"2026-04-24 13:40:58","RBCD","RICTX-HV-T01","MATMX-HV-P01","RBCD","Added","Added RICTX-HV-T01 to RBCD principals on MATMX-HV-P01"
"2026-04-24 13:40:58","RBCD","RICTX-UCSHV-P1","MATMX-HV-P01","RBCD","Added","Added RICTX-UCSHV-P1 to RBCD principals on MATMX-HV-P01"
"2026-04-24 13:40:58","RBCD","RICTX-UCSHV-P2","MATMX-HV-P01","RBCD","Added","Added RICTX-UCSHV-P2 to RBCD principals on MATMX-HV-P01"
"2026-04-24 13:40:58","RBCD","RICTX-UCSHV-P3","MATMX-HV-P01","RBCD","Added","Added RICTX-UCSHV-P3 to RBCD principals on MATMX-HV-P01"
"2026-04-24 13:40:58","RBCD","RICTX-UCSHV-P6","MATMX-HV-P01","RBCD","Added","Added RICTX-UCSHV-P6 to RBCD principals on MATMX-HV-P01"
"2026-04-24 13:40:58","RBCD","RICTX-UCSHV-P7","MATMX-HV-P01","RBCD","Added","Added RICTX-UCSHV-P7 to RBCD principals on MATMX-HV-P01"
"2026-04-24 13:40:58","RBCD","RICTX-UCSHV-P8","MATMX-HV-P01","RBCD","Added","Added RICTX-UCSHV-P8 to RBCD principals on MATMX-HV-P01"
"2026-04-24 13:40:58","RBCD","SWINGGEAR1","MATMX-HV-P01","RBCD","Added","Added SWINGGEAR1 to RBCD principals on MATMX-HV-P01"
"2026-04-24 13:40:58","RBCD","WILPA-HV-P01","MATMX-HV-P01","RBCD","Added","Added WILPA-HV-P01 to RBCD principals on MATMX-HV-P01"
"2026-04-24 13:40:58","RBCD","BURON-HV-P01","MATMX-HV-P02","RBCD","Added","Added BURON-HV-P01 to RBCD principals on MATMX-HV-P02"
"2026-04-24 13:40:58","RBCD","CENWA-SECVID-P1","MATMX-HV-P02","RBCD","Added","Added CENWA-SECVID-P1 to RBCD principals on MATMX-HV-P02"
"2026-04-24 13:40:58","RBCD","CONOH-HV-P01","MATMX-HV-P02","RBCD","Added","Added CONOH-HV-P01 to RBCD principals on MATMX-HV-P02"
"2026-04-24 13:40:58","RBCD","CONOH-SECVID-P1","MATMX-HV-P02","RBCD","Added","Added CONOH-SECVID-P1 to RBCD principals on MATMX-HV-P02"
"2026-04-24 13:40:58","RBCD","DALOH-HV-P01","MATMX-HV-P02","RBCD","Added","Added DALOH-HV-P01 to RBCD principals on MATMX-HV-P02"
"2026-04-24 13:40:58","RBCD","DALTX-HV-P01","MATMX-HV-P02","RBCD","Added","Added DALTX-HV-P01 to RBCD principals on MATMX-HV-P02"
"2026-04-24 13:40:58","RBCD","GRINE-HV-P01","MATMX-HV-P02","RBCD","Added","Added GRINE-HV-P01 to RBCD principals on MATMX-HV-P02"
"2026-04-24 13:40:58","RBCD","LEWPA-HV-P01","MATMX-HV-P02","RBCD","Added","Added LEWPA-HV-P01 to RBCD principals on MATMX-HV-P02"
"2026-04-24 13:40:58","RBCD","LEWTX-HV-SW02","MATMX-HV-P02","RBCD","Added","Added LEWTX-HV-SW02 to RBCD principals on MATMX-HV-P02"
"2026-04-24 13:40:58","RBCD","LEWTX-HV-SW03","MATMX-HV-P02","RBCD","Added","Added LEWTX-HV-SW03 to RBCD principals on MATMX-HV-P02"
"2026-04-24 13:40:58","RBCD","LEWTX-HV-SW04","MATMX-HV-P02","RBCD","Added","Added LEWTX-HV-SW04 to RBCD principals on MATMX-HV-P02"
"2026-04-24 13:40:58","RBCD","LEWTX-HV-SW05","MATMX-HV-P02","RBCD","Added","Added LEWTX-HV-SW05 to RBCD principals on MATMX-HV-P02"
"2026-04-24 13:40:58","RBCD","LEWTX-ITCCS-P02","MATMX-HV-P02","RBCD","Added","Added LEWTX-ITCCS-P02 to RBCD principals on MATMX-HV-P02"
"2026-04-24 13:40:58","RBCD","LONNH-HV-P01","MATMX-HV-P02","RBCD","Added","Added LONNH-HV-P01 to RBCD principals on MATMX-HV-P02"
"2026-04-24 13:40:58","RBCD","MAROH-HV-P01","MATMX-HV-P02","RBCD","Added","Added MAROH-HV-P01 to RBCD principals on MATMX-HV-P02"
"2026-04-24 13:40:58","RBCD","MAROH-SECVID-P2","MATMX-HV-P02","RBCD","Added","Added MAROH-SECVID-P2 to RBCD principals on MATMX-HV-P02"
"2026-04-24 13:40:58","RBCD","MATMX-HV-P01","MATMX-HV-P02","RBCD","Added","Added MATMX-HV-P01 to RBCD principals on MATMX-HV-P02"
"2026-04-24 13:40:58","RBCD","MATTM-SECVID-P1","MATMX-HV-P02","RBCD","Added","Added MATTM-SECVID-P1 to RBCD principals on MATMX-HV-P02"
"2026-04-24 13:40:58","RBCD","MHOH-HV-P01","MATMX-HV-P02","RBCD","Added","Added MHOH-HV-P01 to RBCD principals on MATMX-HV-P02"
"2026-04-24 13:40:58","RBCD","MHOH-HV-P02","MATMX-HV-P02","RBCD","Added","Added MHOH-HV-P02 to RBCD principals on MATMX-HV-P02"
"2026-04-24 13:40:58","RBCD","MHOH-HV-P03","MATMX-HV-P02","RBCD","Added","Added MHOH-HV-P03 to RBCD principals on MATMX-HV-P02"
"2026-04-24 13:40:58","RBCD","MHOH-HV-P04","MATMX-HV-P02","RBCD","Added","Added MHOH-HV-P04 to RBCD principals on MATMX-HV-P02"
"2026-04-24 13:40:58","RBCD","MHOH-HV-P05","MATMX-HV-P02","RBCD","Added","Added MHOH-HV-P05 to RBCD principals on MATMX-HV-P02"
"2026-04-24 13:40:58","RBCD","MHOH-HV-P06","MATMX-HV-P02","RBCD","Added","Added MHOH-HV-P06 to RBCD principals on MATMX-HV-P02"
"2026-04-24 13:40:58","RBCD","MHOH-HV-P07","MATMX-HV-P02","RBCD","Added","Added MHOH-HV-P07 to RBCD principals on MATMX-HV-P02"
"2026-04-24 13:40:58","RBCD","MHOH-SECVID-P1","MATMX-HV-P02","RBCD","Added","Added MHOH-SECVID-P1 to RBCD principals on MATMX-HV-P02"
"2026-04-24 13:40:58","RBCD","MTHOH-ITCCS-P01","MATMX-HV-P02","RBCD","Added","Added MTHOH-ITCCS-P01 to RBCD principals on MATMX-HV-P02"
"2026-04-24 13:40:58","RBCD","PENFL-HV-P01","MATMX-HV-P02","RBCD","Added","Added PENFL-HV-P01 to RBCD principals on MATMX-HV-P02"
"2026-04-24 13:40:58","RBCD","RICTX-CVTHV-P1","MATMX-HV-P02","RBCD","Added","Added RICTX-CVTHV-P1 to RBCD principals on MATMX-HV-P02"
"2026-04-24 13:40:58","RBCD","RICTX-HV-T01","MATMX-HV-P02","RBCD","Added","Added RICTX-HV-T01 to RBCD principals on MATMX-HV-P02"
"2026-04-24 13:40:58","RBCD","RICTX-UCSHV-P1","MATMX-HV-P02","RBCD","Added","Added RICTX-UCSHV-P1 to RBCD principals on MATMX-HV-P02"
"2026-04-24 13:40:58","RBCD","RICTX-UCSHV-P2","MATMX-HV-P02","RBCD","Added","Added RICTX-UCSHV-P2 to RBCD principals on MATMX-HV-P02"
"2026-04-24 13:40:58","RBCD","RICTX-UCSHV-P3","MATMX-HV-P02","RBCD","Added","Added RICTX-UCSHV-P3 to RBCD principals on MATMX-HV-P02"
"2026-04-24 13:40:58","RBCD","RICTX-UCSHV-P6","MATMX-HV-P02","RBCD","Added","Added RICTX-UCSHV-P6 to RBCD principals on MATMX-HV-P02"
"2026-04-24 13:40:58","RBCD","RICTX-UCSHV-P7","MATMX-HV-P02","RBCD","Added","Added RICTX-UCSHV-P7 to RBCD principals on MATMX-HV-P02"
"2026-04-24 13:40:58","RBCD","RICTX-UCSHV-P8","MATMX-HV-P02","RBCD","Added","Added RICTX-UCSHV-P8 to RBCD principals on MATMX-HV-P02"
"2026-04-24 13:40:58","RBCD","SWINGGEAR1","MATMX-HV-P02","RBCD","Added","Added SWINGGEAR1 to RBCD principals on MATMX-HV-P02"
"2026-04-24 13:40:58","RBCD","WILPA-HV-P01","MATMX-HV-P02","RBCD","Added","Added WILPA-HV-P01 to RBCD principals on MATMX-HV-P02"
"2026-04-24 13:40:58","RBCD","BURON-HV-P01","MATTM-SECVID-P1","RBCD","Added","Added BURON-HV-P01 to RBCD principals on MATTM-SECVID-P1"
"2026-04-24 13:40:58","RBCD","CENWA-SECVID-P1","MATTM-SECVID-P1","RBCD","Added","Added CENWA-SECVID-P1 to RBCD principals on MATTM-SECVID-P1"
"2026-04-24 13:40:58","RBCD","CONOH-HV-P01","MATTM-SECVID-P1","RBCD","Added","Added CONOH-HV-P01 to RBCD principals on MATTM-SECVID-P1"
"2026-04-24 13:40:58","RBCD","CONOH-SECVID-P1","MATTM-SECVID-P1","RBCD","Added","Added CONOH-SECVID-P1 to RBCD principals on MATTM-SECVID-P1"
"2026-04-24 13:40:58","RBCD","DALOH-HV-P01","MATTM-SECVID-P1","RBCD","Added","Added DALOH-HV-P01 to RBCD principals on MATTM-SECVID-P1"
"2026-04-24 13:40:58","RBCD","DALTX-HV-P01","MATTM-SECVID-P1","RBCD","Added","Added DALTX-HV-P01 to RBCD principals on MATTM-SECVID-P1"
"2026-04-24 13:40:58","RBCD","GRINE-HV-P01","MATTM-SECVID-P1","RBCD","Added","Added GRINE-HV-P01 to RBCD principals on MATTM-SECVID-P1"
"2026-04-24 13:40:58","RBCD","LEWPA-HV-P01","MATTM-SECVID-P1","RBCD","Added","Added LEWPA-HV-P01 to RBCD principals on MATTM-SECVID-P1"
"2026-04-24 13:40:58","RBCD","LEWTX-HV-SW02","MATTM-SECVID-P1","RBCD","Added","Added LEWTX-HV-SW02 to RBCD principals on MATTM-SECVID-P1"
"2026-04-24 13:40:58","RBCD","LEWTX-HV-SW03","MATTM-SECVID-P1","RBCD","Added","Added LEWTX-HV-SW03 to RBCD principals on MATTM-SECVID-P1"
"2026-04-24 13:40:58","RBCD","LEWTX-HV-SW04","MATTM-SECVID-P1","RBCD","Added","Added LEWTX-HV-SW04 to RBCD principals on MATTM-SECVID-P1"
"2026-04-24 13:40:58","RBCD","LEWTX-HV-SW05","MATTM-SECVID-P1","RBCD","Added","Added LEWTX-HV-SW05 to RBCD principals on MATTM-SECVID-P1"
"2026-04-24 13:40:58","RBCD","LEWTX-ITCCS-P02","MATTM-SECVID-P1","RBCD","Added","Added LEWTX-ITCCS-P02 to RBCD principals on MATTM-SECVID-P1"
"2026-04-24 13:40:58","RBCD","LONNH-HV-P01","MATTM-SECVID-P1","RBCD","Added","Added LONNH-HV-P01 to RBCD principals on MATTM-SECVID-P1"
"2026-04-24 13:40:58","RBCD","MAROH-HV-P01","MATTM-SECVID-P1","RBCD","Added","Added MAROH-HV-P01 to RBCD principals on MATTM-SECVID-P1"
"2026-04-24 13:40:58","RBCD","MAROH-SECVID-P2","MATTM-SECVID-P1","RBCD","Added","Added MAROH-SECVID-P2 to RBCD principals on MATTM-SECVID-P1"
"2026-04-24 13:40:58","RBCD","MATMX-HV-P01","MATTM-SECVID-P1","RBCD","Added","Added MATMX-HV-P01 to RBCD principals on MATTM-SECVID-P1"
"2026-04-24 13:40:58","RBCD","MATMX-HV-P02","MATTM-SECVID-P1","RBCD","Added","Added MATMX-HV-P02 to RBCD principals on MATTM-SECVID-P1"
"2026-04-24 13:40:58","RBCD","MHOH-HV-P01","MATTM-SECVID-P1","RBCD","Added","Added MHOH-HV-P01 to RBCD principals on MATTM-SECVID-P1"
"2026-04-24 13:40:58","RBCD","MHOH-HV-P02","MATTM-SECVID-P1","RBCD","Added","Added MHOH-HV-P02 to RBCD principals on MATTM-SECVID-P1"
"2026-04-24 13:40:58","RBCD","MHOH-HV-P03","MATTM-SECVID-P1","RBCD","Added","Added MHOH-HV-P03 to RBCD principals on MATTM-SECVID-P1"
"2026-04-24 13:40:58","RBCD","MHOH-HV-P04","MATTM-SECVID-P1","RBCD","Added","Added MHOH-HV-P04 to RBCD principals on MATTM-SECVID-P1"
"2026-04-24 13:40:58","RBCD","MHOH-HV-P05","MATTM-SECVID-P1","RBCD","Added","Added MHOH-HV-P05 to RBCD principals on MATTM-SECVID-P1"
"2026-04-24 13:40:58","RBCD","MHOH-HV-P06","MATTM-SECVID-P1","RBCD","Added","Added MHOH-HV-P06 to RBCD principals on MATTM-SECVID-P1"
"2026-04-24 13:40:58","RBCD","MHOH-HV-P07","MATTM-SECVID-P1","RBCD","Added","Added MHOH-HV-P07 to RBCD principals on MATTM-SECVID-P1"
"2026-04-24 13:40:58","RBCD","MHOH-SECVID-P1","MATTM-SECVID-P1","RBCD","Added","Added MHOH-SECVID-P1 to RBCD principals on MATTM-SECVID-P1"
"2026-04-24 13:40:58","RBCD","MTHOH-ITCCS-P01","MATTM-SECVID-P1","RBCD","Added","Added MTHOH-ITCCS-P01 to RBCD principals on MATTM-SECVID-P1"
"2026-04-24 13:40:58","RBCD","PENFL-HV-P01","MATTM-SECVID-P1","RBCD","Added","Added PENFL-HV-P01 to RBCD principals on MATTM-SECVID-P1"
"2026-04-24 13:40:58","RBCD","RICTX-CVTHV-P1","MATTM-SECVID-P1","RBCD","Added","Added RICTX-CVTHV-P1 to RBCD principals on MATTM-SECVID-P1"
"2026-04-24 13:40:58","RBCD","RICTX-HV-T01","MATTM-SECVID-P1","RBCD","Added","Added RICTX-HV-T01 to RBCD principals on MATTM-SECVID-P1"
"2026-04-24 13:40:58","RBCD","RICTX-UCSHV-P1","MATTM-SECVID-P1","RBCD","Added","Added RICTX-UCSHV-P1 to RBCD principals on MATTM-SECVID-P1"
"2026-04-24 13:40:58","RBCD","RICTX-UCSHV-P2","MATTM-SECVID-P1","RBCD","Added","Added RICTX-UCSHV-P2 to RBCD principals on MATTM-SECVID-P1"
"2026-04-24 13:40:58","RBCD","RICTX-UCSHV-P3","MATTM-SECVID-P1","RBCD","Added","Added RICTX-UCSHV-P3 to RBCD principals on MATTM-SECVID-P1"
"2026-04-24 13:40:58","RBCD","RICTX-UCSHV-P6","MATTM-SECVID-P1","RBCD","Added","Added RICTX-UCSHV-P6 to RBCD principals on MATTM-SECVID-P1"
"2026-04-24 13:40:58","RBCD","RICTX-UCSHV-P7","MATTM-SECVID-P1","RBCD","Added","Added RICTX-UCSHV-P7 to RBCD principals on MATTM-SECVID-P1"
"2026-04-24 13:40:58","RBCD","RICTX-UCSHV-P8","MATTM-SECVID-P1","RBCD","Added","Added RICTX-UCSHV-P8 to RBCD principals on MATTM-SECVID-P1"
"2026-04-24 13:40:58","RBCD","SWINGGEAR1","MATTM-SECVID-P1","RBCD","Added","Added SWINGGEAR1 to RBCD principals on MATTM-SECVID-P1"
"2026-04-24 13:40:58","RBCD","WILPA-HV-P01","MATTM-SECVID-P1","RBCD","Added","Added WILPA-HV-P01 to RBCD principals on MATTM-SECVID-P1"
"2026-04-24 13:40:59","RBCD","BURON-HV-P01","MHOH-HV-P01","RBCD","Added","Added BURON-HV-P01 to RBCD principals on MHOH-HV-P01"
"2026-04-24 13:40:59","RBCD","CENWA-SECVID-P1","MHOH-HV-P01","RBCD","Added","Added CENWA-SECVID-P1 to RBCD principals on MHOH-HV-P01"
"2026-04-24 13:40:59","RBCD","CONOH-HV-P01","MHOH-HV-P01","RBCD","Added","Added CONOH-HV-P01 to RBCD principals on MHOH-HV-P01"
"2026-04-24 13:40:59","RBCD","CONOH-SECVID-P1","MHOH-HV-P01","RBCD","Added","Added CONOH-SECVID-P1 to RBCD principals on MHOH-HV-P01"
"2026-04-24 13:40:59","RBCD","DALOH-HV-P01","MHOH-HV-P01","RBCD","Added","Added DALOH-HV-P01 to RBCD principals on MHOH-HV-P01"
"2026-04-24 13:40:59","RBCD","DALTX-HV-P01","MHOH-HV-P01","RBCD","Added","Added DALTX-HV-P01 to RBCD principals on MHOH-HV-P01"
"2026-04-24 13:40:59","RBCD","GRINE-HV-P01","MHOH-HV-P01","RBCD","Added","Added GRINE-HV-P01 to RBCD principals on MHOH-HV-P01"
"2026-04-24 13:40:59","RBCD","LEWPA-HV-P01","MHOH-HV-P01","RBCD","Added","Added LEWPA-HV-P01 to RBCD principals on MHOH-HV-P01"
"2026-04-24 13:40:59","RBCD","LEWTX-HV-SW02","MHOH-HV-P01","RBCD","Added","Added LEWTX-HV-SW02 to RBCD principals on MHOH-HV-P01"
"2026-04-24 13:40:59","RBCD","LEWTX-HV-SW03","MHOH-HV-P01","RBCD","Added","Added LEWTX-HV-SW03 to RBCD principals on MHOH-HV-P01"
"2026-04-24 13:40:59","RBCD","LEWTX-HV-SW04","MHOH-HV-P01","RBCD","Added","Added LEWTX-HV-SW04 to RBCD principals on MHOH-HV-P01"
"2026-04-24 13:40:59","RBCD","LEWTX-HV-SW05","MHOH-HV-P01","RBCD","Added","Added LEWTX-HV-SW05 to RBCD principals on MHOH-HV-P01"
"2026-04-24 13:40:59","RBCD","LEWTX-ITCCS-P02","MHOH-HV-P01","RBCD","Added","Added LEWTX-ITCCS-P02 to RBCD principals on MHOH-HV-P01"
"2026-04-24 13:40:59","RBCD","LONNH-HV-P01","MHOH-HV-P01","RBCD","Added","Added LONNH-HV-P01 to RBCD principals on MHOH-HV-P01"
"2026-04-24 13:40:59","RBCD","MAROH-HV-P01","MHOH-HV-P01","RBCD","Added","Added MAROH-HV-P01 to RBCD principals on MHOH-HV-P01"
"2026-04-24 13:40:59","RBCD","MAROH-SECVID-P2","MHOH-HV-P01","RBCD","Added","Added MAROH-SECVID-P2 to RBCD principals on MHOH-HV-P01"
"2026-04-24 13:40:59","RBCD","MATMX-HV-P01","MHOH-HV-P01","RBCD","Added","Added MATMX-HV-P01 to RBCD principals on MHOH-HV-P01"
"2026-04-24 13:40:59","RBCD","MATMX-HV-P02","MHOH-HV-P01","RBCD","Added","Added MATMX-HV-P02 to RBCD principals on MHOH-HV-P01"
"2026-04-24 13:40:59","RBCD","MATTM-SECVID-P1","MHOH-HV-P01","RBCD","Added","Added MATTM-SECVID-P1 to RBCD principals on MHOH-HV-P01"
"2026-04-24 13:40:59","RBCD","MHOH-HV-P02","MHOH-HV-P01","RBCD","Added","Added MHOH-HV-P02 to RBCD principals on MHOH-HV-P01"
"2026-04-24 13:40:59","RBCD","MHOH-HV-P03","MHOH-HV-P01","RBCD","Added","Added MHOH-HV-P03 to RBCD principals on MHOH-HV-P01"
"2026-04-24 13:40:59","RBCD","MHOH-HV-P04","MHOH-HV-P01","RBCD","Added","Added MHOH-HV-P04 to RBCD principals on MHOH-HV-P01"
"2026-04-24 13:40:59","RBCD","MHOH-HV-P05","MHOH-HV-P01","RBCD","Added","Added MHOH-HV-P05 to RBCD principals on MHOH-HV-P01"
"2026-04-24 13:40:59","RBCD","MHOH-HV-P06","MHOH-HV-P01","RBCD","Added","Added MHOH-HV-P06 to RBCD principals on MHOH-HV-P01"
"2026-04-24 13:40:59","RBCD","MHOH-HV-P07","MHOH-HV-P01","RBCD","Added","Added MHOH-HV-P07 to RBCD principals on MHOH-HV-P01"
"2026-04-24 13:40:59","RBCD","MHOH-SECVID-P1","MHOH-HV-P01","RBCD","Added","Added MHOH-SECVID-P1 to RBCD principals on MHOH-HV-P01"
"2026-04-24 13:40:59","RBCD","MTHOH-ITCCS-P01","MHOH-HV-P01","RBCD","Added","Added MTHOH-ITCCS-P01 to RBCD principals on MHOH-HV-P01"
"2026-04-24 13:40:59","RBCD","PENFL-HV-P01","MHOH-HV-P01","RBCD","Added","Added PENFL-HV-P01 to RBCD principals on MHOH-HV-P01"
"2026-04-24 13:40:59","RBCD","RICTX-CVTHV-P1","MHOH-HV-P01","RBCD","Added","Added RICTX-CVTHV-P1 to RBCD principals on MHOH-HV-P01"
"2026-04-24 13:40:59","RBCD","RICTX-HV-T01","MHOH-HV-P01","RBCD","Added","Added RICTX-HV-T01 to RBCD principals on MHOH-HV-P01"
"2026-04-24 13:40:59","RBCD","RICTX-UCSHV-P1","MHOH-HV-P01","RBCD","Added","Added RICTX-UCSHV-P1 to RBCD principals on MHOH-HV-P01"
"2026-04-24 13:40:59","RBCD","RICTX-UCSHV-P2","MHOH-HV-P01","RBCD","Added","Added RICTX-UCSHV-P2 to RBCD principals on MHOH-HV-P01"
"2026-04-24 13:40:59","RBCD","RICTX-UCSHV-P3","MHOH-HV-P01","RBCD","Added","Added RICTX-UCSHV-P3 to RBCD principals on MHOH-HV-P01"
"2026-04-24 13:40:59","RBCD","RICTX-UCSHV-P6","MHOH-HV-P01","RBCD","Added","Added RICTX-UCSHV-P6 to RBCD principals on MHOH-HV-P01"
"2026-04-24 13:40:59","RBCD","RICTX-UCSHV-P7","MHOH-HV-P01","RBCD","Added","Added RICTX-UCSHV-P7 to RBCD principals on MHOH-HV-P01"
"2026-04-24 13:40:59","RBCD","RICTX-UCSHV-P8","MHOH-HV-P01","RBCD","Added","Added RICTX-UCSHV-P8 to RBCD principals on MHOH-HV-P01"
"2026-04-24 13:40:59","RBCD","SWINGGEAR1","MHOH-HV-P01","RBCD","Added","Added SWINGGEAR1 to RBCD principals on MHOH-HV-P01"
"2026-04-24 13:40:59","RBCD","WILPA-HV-P01","MHOH-HV-P01","RBCD","Added","Added WILPA-HV-P01 to RBCD principals on MHOH-HV-P01"
"2026-04-24 13:40:59","RBCD","BURON-HV-P01","MHOH-HV-P02","RBCD","Added","Added BURON-HV-P01 to RBCD principals on MHOH-HV-P02"
"2026-04-24 13:40:59","RBCD","CENWA-SECVID-P1","MHOH-HV-P02","RBCD","Added","Added CENWA-SECVID-P1 to RBCD principals on MHOH-HV-P02"
"2026-04-24 13:40:59","RBCD","CONOH-HV-P01","MHOH-HV-P02","RBCD","Added","Added CONOH-HV-P01 to RBCD principals on MHOH-HV-P02"
"2026-04-24 13:40:59","RBCD","CONOH-SECVID-P1","MHOH-HV-P02","RBCD","Added","Added CONOH-SECVID-P1 to RBCD principals on MHOH-HV-P02"
"2026-04-24 13:40:59","RBCD","DALOH-HV-P01","MHOH-HV-P02","RBCD","Added","Added DALOH-HV-P01 to RBCD principals on MHOH-HV-P02"
"2026-04-24 13:40:59","RBCD","DALTX-HV-P01","MHOH-HV-P02","RBCD","Added","Added DALTX-HV-P01 to RBCD principals on MHOH-HV-P02"
"2026-04-24 13:40:59","RBCD","GRINE-HV-P01","MHOH-HV-P02","RBCD","Added","Added GRINE-HV-P01 to RBCD principals on MHOH-HV-P02"
"2026-04-24 13:40:59","RBCD","LEWPA-HV-P01","MHOH-HV-P02","RBCD","Added","Added LEWPA-HV-P01 to RBCD principals on MHOH-HV-P02"
"2026-04-24 13:40:59","RBCD","LEWTX-HV-SW02","MHOH-HV-P02","RBCD","Added","Added LEWTX-HV-SW02 to RBCD principals on MHOH-HV-P02"
"2026-04-24 13:40:59","RBCD","LEWTX-HV-SW03","MHOH-HV-P02","RBCD","Added","Added LEWTX-HV-SW03 to RBCD principals on MHOH-HV-P02"
"2026-04-24 13:40:59","RBCD","LEWTX-HV-SW04","MHOH-HV-P02","RBCD","Added","Added LEWTX-HV-SW04 to RBCD principals on MHOH-HV-P02"
"2026-04-24 13:40:59","RBCD","LEWTX-HV-SW05","MHOH-HV-P02","RBCD","Added","Added LEWTX-HV-SW05 to RBCD principals on MHOH-HV-P02"
"2026-04-24 13:40:59","RBCD","LEWTX-ITCCS-P02","MHOH-HV-P02","RBCD","Added","Added LEWTX-ITCCS-P02 to RBCD principals on MHOH-HV-P02"
"2026-04-24 13:40:59","RBCD","LONNH-HV-P01","MHOH-HV-P02","RBCD","Added","Added LONNH-HV-P01 to RBCD principals on MHOH-HV-P02"
"2026-04-24 13:40:59","RBCD","MAROH-HV-P01","MHOH-HV-P02","RBCD","Added","Added MAROH-HV-P01 to RBCD principals on MHOH-HV-P02"
"2026-04-24 13:40:59","RBCD","MAROH-SECVID-P2","MHOH-HV-P02","RBCD","Added","Added MAROH-SECVID-P2 to RBCD principals on MHOH-HV-P02"
"2026-04-24 13:40:59","RBCD","MATMX-HV-P01","MHOH-HV-P02","RBCD","Added","Added MATMX-HV-P01 to RBCD principals on MHOH-HV-P02"
"2026-04-24 13:40:59","RBCD","MATMX-HV-P02","MHOH-HV-P02","RBCD","Added","Added MATMX-HV-P02 to RBCD principals on MHOH-HV-P02"
"2026-04-24 13:40:59","RBCD","MATTM-SECVID-P1","MHOH-HV-P02","RBCD","Added","Added MATTM-SECVID-P1 to RBCD principals on MHOH-HV-P02"
"2026-04-24 13:40:59","RBCD","MHOH-HV-P01","MHOH-HV-P02","RBCD","Added","Added MHOH-HV-P01 to RBCD principals on MHOH-HV-P02"
"2026-04-24 13:40:59","RBCD","MHOH-HV-P03","MHOH-HV-P02","RBCD","Added","Added MHOH-HV-P03 to RBCD principals on MHOH-HV-P02"
"2026-04-24 13:40:59","RBCD","MHOH-HV-P04","MHOH-HV-P02","RBCD","Added","Added MHOH-HV-P04 to RBCD principals on MHOH-HV-P02"
"2026-04-24 13:40:59","RBCD","MHOH-HV-P05","MHOH-HV-P02","RBCD","Added","Added MHOH-HV-P05 to RBCD principals on MHOH-HV-P02"
"2026-04-24 13:40:59","RBCD","MHOH-HV-P06","MHOH-HV-P02","RBCD","Added","Added MHOH-HV-P06 to RBCD principals on MHOH-HV-P02"
"2026-04-24 13:40:59","RBCD","MHOH-HV-P07","MHOH-HV-P02","RBCD","Added","Added MHOH-HV-P07 to RBCD principals on MHOH-HV-P02"
"2026-04-24 13:40:59","RBCD","MHOH-SECVID-P1","MHOH-HV-P02","RBCD","Added","Added MHOH-SECVID-P1 to RBCD principals on MHOH-HV-P02"
"2026-04-24 13:40:59","RBCD","MTHOH-ITCCS-P01","MHOH-HV-P02","RBCD","Added","Added MTHOH-ITCCS-P01 to RBCD principals on MHOH-HV-P02"
"2026-04-24 13:40:59","RBCD","PENFL-HV-P01","MHOH-HV-P02","RBCD","Added","Added PENFL-HV-P01 to RBCD principals on MHOH-HV-P02"
"2026-04-24 13:40:59","RBCD","RICTX-CVTHV-P1","MHOH-HV-P02","RBCD","Added","Added RICTX-CVTHV-P1 to RBCD principals on MHOH-HV-P02"
"2026-04-24 13:40:59","RBCD","RICTX-HV-T01","MHOH-HV-P02","RBCD","Added","Added RICTX-HV-T01 to RBCD principals on MHOH-HV-P02"
"2026-04-24 13:40:59","RBCD","RICTX-UCSHV-P1","MHOH-HV-P02","RBCD","Added","Added RICTX-UCSHV-P1 to RBCD principals on MHOH-HV-P02"
"2026-04-24 13:40:59","RBCD","RICTX-UCSHV-P2","MHOH-HV-P02","RBCD","Added","Added RICTX-UCSHV-P2 to RBCD principals on MHOH-HV-P02"
"2026-04-24 13:40:59","RBCD","RICTX-UCSHV-P3","MHOH-HV-P02","RBCD","Added","Added RICTX-UCSHV-P3 to RBCD principals on MHOH-HV-P02"
"2026-04-24 13:40:59","RBCD","RICTX-UCSHV-P6","MHOH-HV-P02","RBCD","Added","Added RICTX-UCSHV-P6 to RBCD principals on MHOH-HV-P02"
"2026-04-24 13:40:59","RBCD","RICTX-UCSHV-P7","MHOH-HV-P02","RBCD","Added","Added RICTX-UCSHV-P7 to RBCD principals on MHOH-HV-P02"
"2026-04-24 13:40:59","RBCD","RICTX-UCSHV-P8","MHOH-HV-P02","RBCD","Added","Added RICTX-UCSHV-P8 to RBCD principals on MHOH-HV-P02"
"2026-04-24 13:40:59","RBCD","SWINGGEAR1","MHOH-HV-P02","RBCD","Added","Added SWINGGEAR1 to RBCD principals on MHOH-HV-P02"
"2026-04-24 13:40:59","RBCD","WILPA-HV-P01","MHOH-HV-P02","RBCD","Added","Added WILPA-HV-P01 to RBCD principals on MHOH-HV-P02"
"2026-04-24 13:40:59","RBCD","BURON-HV-P01","MHOH-HV-P03","RBCD","Added","Added BURON-HV-P01 to RBCD principals on MHOH-HV-P03"
"2026-04-24 13:40:59","RBCD","CENWA-SECVID-P1","MHOH-HV-P03","RBCD","Added","Added CENWA-SECVID-P1 to RBCD principals on MHOH-HV-P03"
"2026-04-24 13:40:59","RBCD","CONOH-HV-P01","MHOH-HV-P03","RBCD","Added","Added CONOH-HV-P01 to RBCD principals on MHOH-HV-P03"
"2026-04-24 13:40:59","RBCD","CONOH-SECVID-P1","MHOH-HV-P03","RBCD","Added","Added CONOH-SECVID-P1 to RBCD principals on MHOH-HV-P03"
"2026-04-24 13:40:59","RBCD","DALOH-HV-P01","MHOH-HV-P03","RBCD","Added","Added DALOH-HV-P01 to RBCD principals on MHOH-HV-P03"
"2026-04-24 13:40:59","RBCD","DALTX-HV-P01","MHOH-HV-P03","RBCD","Added","Added DALTX-HV-P01 to RBCD principals on MHOH-HV-P03"
"2026-04-24 13:40:59","RBCD","GRINE-HV-P01","MHOH-HV-P03","RBCD","Added","Added GRINE-HV-P01 to RBCD principals on MHOH-HV-P03"
"2026-04-24 13:40:59","RBCD","LEWPA-HV-P01","MHOH-HV-P03","RBCD","Added","Added LEWPA-HV-P01 to RBCD principals on MHOH-HV-P03"
"2026-04-24 13:40:59","RBCD","LEWTX-HV-SW02","MHOH-HV-P03","RBCD","Added","Added LEWTX-HV-SW02 to RBCD principals on MHOH-HV-P03"
"2026-04-24 13:40:59","RBCD","LEWTX-HV-SW03","MHOH-HV-P03","RBCD","Added","Added LEWTX-HV-SW03 to RBCD principals on MHOH-HV-P03"
"2026-04-24 13:40:59","RBCD","LEWTX-HV-SW04","MHOH-HV-P03","RBCD","Added","Added LEWTX-HV-SW04 to RBCD principals on MHOH-HV-P03"
"2026-04-24 13:40:59","RBCD","LEWTX-HV-SW05","MHOH-HV-P03","RBCD","Added","Added LEWTX-HV-SW05 to RBCD principals on MHOH-HV-P03"
"2026-04-24 13:40:59","RBCD","LEWTX-ITCCS-P02","MHOH-HV-P03","RBCD","Added","Added LEWTX-ITCCS-P02 to RBCD principals on MHOH-HV-P03"
"2026-04-24 13:40:59","RBCD","LONNH-HV-P01","MHOH-HV-P03","RBCD","Added","Added LONNH-HV-P01 to RBCD principals on MHOH-HV-P03"
"2026-04-24 13:40:59","RBCD","MAROH-HV-P01","MHOH-HV-P03","RBCD","Added","Added MAROH-HV-P01 to RBCD principals on MHOH-HV-P03"
"2026-04-24 13:40:59","RBCD","MAROH-SECVID-P2","MHOH-HV-P03","RBCD","Added","Added MAROH-SECVID-P2 to RBCD principals on MHOH-HV-P03"
"2026-04-24 13:40:59","RBCD","MATMX-HV-P01","MHOH-HV-P03","RBCD","Added","Added MATMX-HV-P01 to RBCD principals on MHOH-HV-P03"
"2026-04-24 13:40:59","RBCD","MATMX-HV-P02","MHOH-HV-P03","RBCD","Added","Added MATMX-HV-P02 to RBCD principals on MHOH-HV-P03"
"2026-04-24 13:40:59","RBCD","MATTM-SECVID-P1","MHOH-HV-P03","RBCD","Added","Added MATTM-SECVID-P1 to RBCD principals on MHOH-HV-P03"
"2026-04-24 13:40:59","RBCD","MHOH-HV-P01","MHOH-HV-P03","RBCD","Added","Added MHOH-HV-P01 to RBCD principals on MHOH-HV-P03"
"2026-04-24 13:40:59","RBCD","MHOH-HV-P02","MHOH-HV-P03","RBCD","Added","Added MHOH-HV-P02 to RBCD principals on MHOH-HV-P03"
"2026-04-24 13:40:59","RBCD","MHOH-HV-P04","MHOH-HV-P03","RBCD","Added","Added MHOH-HV-P04 to RBCD principals on MHOH-HV-P03"
"2026-04-24 13:40:59","RBCD","MHOH-HV-P05","MHOH-HV-P03","RBCD","Added","Added MHOH-HV-P05 to RBCD principals on MHOH-HV-P03"
"2026-04-24 13:40:59","RBCD","MHOH-HV-P06","MHOH-HV-P03","RBCD","Added","Added MHOH-HV-P06 to RBCD principals on MHOH-HV-P03"
"2026-04-24 13:40:59","RBCD","MHOH-HV-P07","MHOH-HV-P03","RBCD","Added","Added MHOH-HV-P07 to RBCD principals on MHOH-HV-P03"
"2026-04-24 13:40:59","RBCD","MHOH-SECVID-P1","MHOH-HV-P03","RBCD","Added","Added MHOH-SECVID-P1 to RBCD principals on MHOH-HV-P03"
"2026-04-24 13:40:59","RBCD","MTHOH-ITCCS-P01","MHOH-HV-P03","RBCD","Added","Added MTHOH-ITCCS-P01 to RBCD principals on MHOH-HV-P03"
"2026-04-24 13:40:59","RBCD","PENFL-HV-P01","MHOH-HV-P03","RBCD","Added","Added PENFL-HV-P01 to RBCD principals on MHOH-HV-P03"
"2026-04-24 13:40:59","RBCD","RICTX-CVTHV-P1","MHOH-HV-P03","RBCD","Added","Added RICTX-CVTHV-P1 to RBCD principals on MHOH-HV-P03"
"2026-04-24 13:40:59","RBCD","RICTX-HV-T01","MHOH-HV-P03","RBCD","Added","Added RICTX-HV-T01 to RBCD principals on MHOH-HV-P03"
"2026-04-24 13:40:59","RBCD","RICTX-UCSHV-P1","MHOH-HV-P03","RBCD","Added","Added RICTX-UCSHV-P1 to RBCD principals on MHOH-HV-P03"
"2026-04-24 13:40:59","RBCD","RICTX-UCSHV-P2","MHOH-HV-P03","RBCD","Added","Added RICTX-UCSHV-P2 to RBCD principals on MHOH-HV-P03"
"2026-04-24 13:40:59","RBCD","RICTX-UCSHV-P3","MHOH-HV-P03","RBCD","Added","Added RICTX-UCSHV-P3 to RBCD principals on MHOH-HV-P03"
"2026-04-24 13:40:59","RBCD","RICTX-UCSHV-P6","MHOH-HV-P03","RBCD","Added","Added RICTX-UCSHV-P6 to RBCD principals on MHOH-HV-P03"
"2026-04-24 13:40:59","RBCD","RICTX-UCSHV-P7","MHOH-HV-P03","RBCD","Added","Added RICTX-UCSHV-P7 to RBCD principals on MHOH-HV-P03"
"2026-04-24 13:40:59","RBCD","RICTX-UCSHV-P8","MHOH-HV-P03","RBCD","Added","Added RICTX-UCSHV-P8 to RBCD principals on MHOH-HV-P03"
"2026-04-24 13:40:59","RBCD","SWINGGEAR1","MHOH-HV-P03","RBCD","Added","Added SWINGGEAR1 to RBCD principals on MHOH-HV-P03"
"2026-04-24 13:40:59","RBCD","WILPA-HV-P01","MHOH-HV-P03","RBCD","Added","Added WILPA-HV-P01 to RBCD principals on MHOH-HV-P03"
"2026-04-24 13:40:59","RBCD","BURON-HV-P01","MHOH-HV-P04","RBCD","Added","Added BURON-HV-P01 to RBCD principals on MHOH-HV-P04"
"2026-04-24 13:40:59","RBCD","CENWA-SECVID-P1","MHOH-HV-P04","RBCD","Added","Added CENWA-SECVID-P1 to RBCD principals on MHOH-HV-P04"
"2026-04-24 13:40:59","RBCD","CONOH-HV-P01","MHOH-HV-P04","RBCD","Added","Added CONOH-HV-P01 to RBCD principals on MHOH-HV-P04"
"2026-04-24 13:40:59","RBCD","CONOH-SECVID-P1","MHOH-HV-P04","RBCD","Added","Added CONOH-SECVID-P1 to RBCD principals on MHOH-HV-P04"
"2026-04-24 13:40:59","RBCD","DALOH-HV-P01","MHOH-HV-P04","RBCD","Added","Added DALOH-HV-P01 to RBCD principals on MHOH-HV-P04"
"2026-04-24 13:40:59","RBCD","DALTX-HV-P01","MHOH-HV-P04","RBCD","Added","Added DALTX-HV-P01 to RBCD principals on MHOH-HV-P04"
"2026-04-24 13:40:59","RBCD","GRINE-HV-P01","MHOH-HV-P04","RBCD","Added","Added GRINE-HV-P01 to RBCD principals on MHOH-HV-P04"
"2026-04-24 13:40:59","RBCD","LEWPA-HV-P01","MHOH-HV-P04","RBCD","Added","Added LEWPA-HV-P01 to RBCD principals on MHOH-HV-P04"
"2026-04-24 13:40:59","RBCD","LEWTX-HV-SW02","MHOH-HV-P04","RBCD","Added","Added LEWTX-HV-SW02 to RBCD principals on MHOH-HV-P04"
"2026-04-24 13:40:59","RBCD","LEWTX-HV-SW03","MHOH-HV-P04","RBCD","Added","Added LEWTX-HV-SW03 to RBCD principals on MHOH-HV-P04"
"2026-04-24 13:40:59","RBCD","LEWTX-HV-SW04","MHOH-HV-P04","RBCD","Added","Added LEWTX-HV-SW04 to RBCD principals on MHOH-HV-P04"
"2026-04-24 13:40:59","RBCD","LEWTX-HV-SW05","MHOH-HV-P04","RBCD","Added","Added LEWTX-HV-SW05 to RBCD principals on MHOH-HV-P04"
"2026-04-24 13:40:59","RBCD","LEWTX-ITCCS-P02","MHOH-HV-P04","RBCD","Added","Added LEWTX-ITCCS-P02 to RBCD principals on MHOH-HV-P04"
"2026-04-24 13:40:59","RBCD","LONNH-HV-P01","MHOH-HV-P04","RBCD","Added","Added LONNH-HV-P01 to RBCD principals on MHOH-HV-P04"
"2026-04-24 13:40:59","RBCD","MAROH-HV-P01","MHOH-HV-P04","RBCD","Added","Added MAROH-HV-P01 to RBCD principals on MHOH-HV-P04"
"2026-04-24 13:40:59","RBCD","MAROH-SECVID-P2","MHOH-HV-P04","RBCD","Added","Added MAROH-SECVID-P2 to RBCD principals on MHOH-HV-P04"
"2026-04-24 13:40:59","RBCD","MATMX-HV-P01","MHOH-HV-P04","RBCD","Added","Added MATMX-HV-P01 to RBCD principals on MHOH-HV-P04"
"2026-04-24 13:40:59","RBCD","MATMX-HV-P02","MHOH-HV-P04","RBCD","Added","Added MATMX-HV-P02 to RBCD principals on MHOH-HV-P04"
"2026-04-24 13:40:59","RBCD","MATTM-SECVID-P1","MHOH-HV-P04","RBCD","Added","Added MATTM-SECVID-P1 to RBCD principals on MHOH-HV-P04"
"2026-04-24 13:40:59","RBCD","MHOH-HV-P01","MHOH-HV-P04","RBCD","Added","Added MHOH-HV-P01 to RBCD principals on MHOH-HV-P04"
"2026-04-24 13:40:59","RBCD","MHOH-HV-P02","MHOH-HV-P04","RBCD","Added","Added MHOH-HV-P02 to RBCD principals on MHOH-HV-P04"
"2026-04-24 13:40:59","RBCD","MHOH-HV-P03","MHOH-HV-P04","RBCD","Added","Added MHOH-HV-P03 to RBCD principals on MHOH-HV-P04"
"2026-04-24 13:40:59","RBCD","MHOH-HV-P05","MHOH-HV-P04","RBCD","Added","Added MHOH-HV-P05 to RBCD principals on MHOH-HV-P04"
"2026-04-24 13:40:59","RBCD","MHOH-HV-P06","MHOH-HV-P04","RBCD","Added","Added MHOH-HV-P06 to RBCD principals on MHOH-HV-P04"
"2026-04-24 13:40:59","RBCD","MHOH-HV-P07","MHOH-HV-P04","RBCD","Added","Added MHOH-HV-P07 to RBCD principals on MHOH-HV-P04"
"2026-04-24 13:40:59","RBCD","MHOH-SECVID-P1","MHOH-HV-P04","RBCD","Added","Added MHOH-SECVID-P1 to RBCD principals on MHOH-HV-P04"
"2026-04-24 13:40:59","RBCD","MTHOH-ITCCS-P01","MHOH-HV-P04","RBCD","Added","Added MTHOH-ITCCS-P01 to RBCD principals on MHOH-HV-P04"
"2026-04-24 13:40:59","RBCD","PENFL-HV-P01","MHOH-HV-P04","RBCD","Added","Added PENFL-HV-P01 to RBCD principals on MHOH-HV-P04"
"2026-04-24 13:40:59","RBCD","RICTX-CVTHV-P1","MHOH-HV-P04","RBCD","Added","Added RICTX-CVTHV-P1 to RBCD principals on MHOH-HV-P04"
"2026-04-24 13:40:59","RBCD","RICTX-HV-T01","MHOH-HV-P04","RBCD","Added","Added RICTX-HV-T01 to RBCD principals on MHOH-HV-P04"
"2026-04-24 13:40:59","RBCD","RICTX-UCSHV-P1","MHOH-HV-P04","RBCD","Added","Added RICTX-UCSHV-P1 to RBCD principals on MHOH-HV-P04"
"2026-04-24 13:40:59","RBCD","RICTX-UCSHV-P2","MHOH-HV-P04","RBCD","Added","Added RICTX-UCSHV-P2 to RBCD principals on MHOH-HV-P04"
"2026-04-24 13:40:59","RBCD","RICTX-UCSHV-P3","MHOH-HV-P04","RBCD","Added","Added RICTX-UCSHV-P3 to RBCD principals on MHOH-HV-P04"
"2026-04-24 13:40:59","RBCD","RICTX-UCSHV-P6","MHOH-HV-P04","RBCD","Added","Added RICTX-UCSHV-P6 to RBCD principals on MHOH-HV-P04"
"2026-04-24 13:40:59","RBCD","RICTX-UCSHV-P7","MHOH-HV-P04","RBCD","Added","Added RICTX-UCSHV-P7 to RBCD principals on MHOH-HV-P04"
"2026-04-24 13:40:59","RBCD","RICTX-UCSHV-P8","MHOH-HV-P04","RBCD","Added","Added RICTX-UCSHV-P8 to RBCD principals on MHOH-HV-P04"
"2026-04-24 13:40:59","RBCD","SWINGGEAR1","MHOH-HV-P04","RBCD","Added","Added SWINGGEAR1 to RBCD principals on MHOH-HV-P04"
"2026-04-24 13:40:59","RBCD","WILPA-HV-P01","MHOH-HV-P04","RBCD","Added","Added WILPA-HV-P01 to RBCD principals on MHOH-HV-P04"
"2026-04-24 13:40:59","RBCD","BURON-HV-P01","MHOH-HV-P05","RBCD","Added","Added BURON-HV-P01 to RBCD principals on MHOH-HV-P05"
"2026-04-24 13:40:59","RBCD","CENWA-SECVID-P1","MHOH-HV-P05","RBCD","Added","Added CENWA-SECVID-P1 to RBCD principals on MHOH-HV-P05"
"2026-04-24 13:40:59","RBCD","CONOH-HV-P01","MHOH-HV-P05","RBCD","Added","Added CONOH-HV-P01 to RBCD principals on MHOH-HV-P05"
"2026-04-24 13:40:59","RBCD","CONOH-SECVID-P1","MHOH-HV-P05","RBCD","Added","Added CONOH-SECVID-P1 to RBCD principals on MHOH-HV-P05"
"2026-04-24 13:40:59","RBCD","DALOH-HV-P01","MHOH-HV-P05","RBCD","Added","Added DALOH-HV-P01 to RBCD principals on MHOH-HV-P05"
"2026-04-24 13:40:59","RBCD","DALTX-HV-P01","MHOH-HV-P05","RBCD","Added","Added DALTX-HV-P01 to RBCD principals on MHOH-HV-P05"
"2026-04-24 13:40:59","RBCD","GRINE-HV-P01","MHOH-HV-P05","RBCD","Added","Added GRINE-HV-P01 to RBCD principals on MHOH-HV-P05"
"2026-04-24 13:40:59","RBCD","LEWPA-HV-P01","MHOH-HV-P05","RBCD","Added","Added LEWPA-HV-P01 to RBCD principals on MHOH-HV-P05"
"2026-04-24 13:40:59","RBCD","LEWTX-HV-SW02","MHOH-HV-P05","RBCD","Added","Added LEWTX-HV-SW02 to RBCD principals on MHOH-HV-P05"
"2026-04-24 13:40:59","RBCD","LEWTX-HV-SW03","MHOH-HV-P05","RBCD","Added","Added LEWTX-HV-SW03 to RBCD principals on MHOH-HV-P05"
"2026-04-24 13:40:59","RBCD","LEWTX-HV-SW04","MHOH-HV-P05","RBCD","Added","Added LEWTX-HV-SW04 to RBCD principals on MHOH-HV-P05"
"2026-04-24 13:40:59","RBCD","LEWTX-HV-SW05","MHOH-HV-P05","RBCD","Added","Added LEWTX-HV-SW05 to RBCD principals on MHOH-HV-P05"
"2026-04-24 13:40:59","RBCD","LEWTX-ITCCS-P02","MHOH-HV-P05","RBCD","Added","Added LEWTX-ITCCS-P02 to RBCD principals on MHOH-HV-P05"
"2026-04-24 13:40:59","RBCD","LONNH-HV-P01","MHOH-HV-P05","RBCD","Added","Added LONNH-HV-P01 to RBCD principals on MHOH-HV-P05"
"2026-04-24 13:40:59","RBCD","MAROH-HV-P01","MHOH-HV-P05","RBCD","Added","Added MAROH-HV-P01 to RBCD principals on MHOH-HV-P05"
"2026-04-24 13:40:59","RBCD","MAROH-SECVID-P2","MHOH-HV-P05","RBCD","Added","Added MAROH-SECVID-P2 to RBCD principals on MHOH-HV-P05"
"2026-04-24 13:40:59","RBCD","MATMX-HV-P01","MHOH-HV-P05","RBCD","Added","Added MATMX-HV-P01 to RBCD principals on MHOH-HV-P05"
"2026-04-24 13:40:59","RBCD","MATMX-HV-P02","MHOH-HV-P05","RBCD","Added","Added MATMX-HV-P02 to RBCD principals on MHOH-HV-P05"
"2026-04-24 13:40:59","RBCD","MATTM-SECVID-P1","MHOH-HV-P05","RBCD","Added","Added MATTM-SECVID-P1 to RBCD principals on MHOH-HV-P05"
"2026-04-24 13:40:59","RBCD","MHOH-HV-P01","MHOH-HV-P05","RBCD","Added","Added MHOH-HV-P01 to RBCD principals on MHOH-HV-P05"
"2026-04-24 13:40:59","RBCD","MHOH-HV-P02","MHOH-HV-P05","RBCD","Added","Added MHOH-HV-P02 to RBCD principals on MHOH-HV-P05"
"2026-04-24 13:40:59","RBCD","MHOH-HV-P03","MHOH-HV-P05","RBCD","Added","Added MHOH-HV-P03 to RBCD principals on MHOH-HV-P05"
"2026-04-24 13:40:59","RBCD","MHOH-HV-P04","MHOH-HV-P05","RBCD","Added","Added MHOH-HV-P04 to RBCD principals on MHOH-HV-P05"
"2026-04-24 13:40:59","RBCD","MHOH-HV-P06","MHOH-HV-P05","RBCD","Added","Added MHOH-HV-P06 to RBCD principals on MHOH-HV-P05"
"2026-04-24 13:40:59","RBCD","MHOH-HV-P07","MHOH-HV-P05","RBCD","Added","Added MHOH-HV-P07 to RBCD principals on MHOH-HV-P05"
"2026-04-24 13:40:59","RBCD","MHOH-SECVID-P1","MHOH-HV-P05","RBCD","Added","Added MHOH-SECVID-P1 to RBCD principals on MHOH-HV-P05"
"2026-04-24 13:40:59","RBCD","MTHOH-ITCCS-P01","MHOH-HV-P05","RBCD","Added","Added MTHOH-ITCCS-P01 to RBCD principals on MHOH-HV-P05"
"2026-04-24 13:40:59","RBCD","PENFL-HV-P01","MHOH-HV-P05","RBCD","Added","Added PENFL-HV-P01 to RBCD principals on MHOH-HV-P05"
"2026-04-24 13:40:59","RBCD","RICTX-CVTHV-P1","MHOH-HV-P05","RBCD","Added","Added RICTX-CVTHV-P1 to RBCD principals on MHOH-HV-P05"
"2026-04-24 13:40:59","RBCD","RICTX-HV-T01","MHOH-HV-P05","RBCD","Added","Added RICTX-HV-T01 to RBCD principals on MHOH-HV-P05"
"2026-04-24 13:40:59","RBCD","RICTX-UCSHV-P1","MHOH-HV-P05","RBCD","Added","Added RICTX-UCSHV-P1 to RBCD principals on MHOH-HV-P05"
"2026-04-24 13:40:59","RBCD","RICTX-UCSHV-P2","MHOH-HV-P05","RBCD","Added","Added RICTX-UCSHV-P2 to RBCD principals on MHOH-HV-P05"
"2026-04-24 13:40:59","RBCD","RICTX-UCSHV-P3","MHOH-HV-P05","RBCD","Added","Added RICTX-UCSHV-P3 to RBCD principals on MHOH-HV-P05"
"2026-04-24 13:40:59","RBCD","RICTX-UCSHV-P6","MHOH-HV-P05","RBCD","Added","Added RICTX-UCSHV-P6 to RBCD principals on MHOH-HV-P05"
"2026-04-24 13:40:59","RBCD","RICTX-UCSHV-P7","MHOH-HV-P05","RBCD","Added","Added RICTX-UCSHV-P7 to RBCD principals on MHOH-HV-P05"
"2026-04-24 13:40:59","RBCD","RICTX-UCSHV-P8","MHOH-HV-P05","RBCD","Added","Added RICTX-UCSHV-P8 to RBCD principals on MHOH-HV-P05"
"2026-04-24 13:40:59","RBCD","SWINGGEAR1","MHOH-HV-P05","RBCD","Added","Added SWINGGEAR1 to RBCD principals on MHOH-HV-P05"
"2026-04-24 13:40:59","RBCD","WILPA-HV-P01","MHOH-HV-P05","RBCD","Added","Added WILPA-HV-P01 to RBCD principals on MHOH-HV-P05"
"2026-04-24 13:40:59","RBCD","BURON-HV-P01","MHOH-HV-P06","RBCD","Added","Added BURON-HV-P01 to RBCD principals on MHOH-HV-P06"
"2026-04-24 13:40:59","RBCD","CENWA-SECVID-P1","MHOH-HV-P06","RBCD","Added","Added CENWA-SECVID-P1 to RBCD principals on MHOH-HV-P06"
"2026-04-24 13:40:59","RBCD","CONOH-HV-P01","MHOH-HV-P06","RBCD","Added","Added CONOH-HV-P01 to RBCD principals on MHOH-HV-P06"
"2026-04-24 13:40:59","RBCD","CONOH-SECVID-P1","MHOH-HV-P06","RBCD","Added","Added CONOH-SECVID-P1 to RBCD principals on MHOH-HV-P06"
"2026-04-24 13:40:59","RBCD","DALOH-HV-P01","MHOH-HV-P06","RBCD","Added","Added DALOH-HV-P01 to RBCD principals on MHOH-HV-P06"
"2026-04-24 13:40:59","RBCD","DALTX-HV-P01","MHOH-HV-P06","RBCD","Added","Added DALTX-HV-P01 to RBCD principals on MHOH-HV-P06"
"2026-04-24 13:40:59","RBCD","GRINE-HV-P01","MHOH-HV-P06","RBCD","Added","Added GRINE-HV-P01 to RBCD principals on MHOH-HV-P06"
"2026-04-24 13:40:59","RBCD","LEWPA-HV-P01","MHOH-HV-P06","RBCD","Added","Added LEWPA-HV-P01 to RBCD principals on MHOH-HV-P06"
"2026-04-24 13:40:59","RBCD","LEWTX-HV-SW02","MHOH-HV-P06","RBCD","Added","Added LEWTX-HV-SW02 to RBCD principals on MHOH-HV-P06"
"2026-04-24 13:40:59","RBCD","LEWTX-HV-SW03","MHOH-HV-P06","RBCD","Added","Added LEWTX-HV-SW03 to RBCD principals on MHOH-HV-P06"
"2026-04-24 13:40:59","RBCD","LEWTX-HV-SW04","MHOH-HV-P06","RBCD","Added","Added LEWTX-HV-SW04 to RBCD principals on MHOH-HV-P06"
"2026-04-24 13:40:59","RBCD","LEWTX-HV-SW05","MHOH-HV-P06","RBCD","Added","Added LEWTX-HV-SW05 to RBCD principals on MHOH-HV-P06"
"2026-04-24 13:40:59","RBCD","LEWTX-ITCCS-P02","MHOH-HV-P06","RBCD","Added","Added LEWTX-ITCCS-P02 to RBCD principals on MHOH-HV-P06"
"2026-04-24 13:40:59","RBCD","LONNH-HV-P01","MHOH-HV-P06","RBCD","Added","Added LONNH-HV-P01 to RBCD principals on MHOH-HV-P06"
"2026-04-24 13:40:59","RBCD","MAROH-HV-P01","MHOH-HV-P06","RBCD","Added","Added MAROH-HV-P01 to RBCD principals on MHOH-HV-P06"
"2026-04-24 13:40:59","RBCD","MAROH-SECVID-P2","MHOH-HV-P06","RBCD","Added","Added MAROH-SECVID-P2 to RBCD principals on MHOH-HV-P06"
"2026-04-24 13:40:59","RBCD","MATMX-HV-P01","MHOH-HV-P06","RBCD","Added","Added MATMX-HV-P01 to RBCD principals on MHOH-HV-P06"
"2026-04-24 13:40:59","RBCD","MATMX-HV-P02","MHOH-HV-P06","RBCD","Added","Added MATMX-HV-P02 to RBCD principals on MHOH-HV-P06"
"2026-04-24 13:40:59","RBCD","MATTM-SECVID-P1","MHOH-HV-P06","RBCD","Added","Added MATTM-SECVID-P1 to RBCD principals on MHOH-HV-P06"
"2026-04-24 13:40:59","RBCD","MHOH-HV-P01","MHOH-HV-P06","RBCD","Added","Added MHOH-HV-P01 to RBCD principals on MHOH-HV-P06"
"2026-04-24 13:40:59","RBCD","MHOH-HV-P02","MHOH-HV-P06","RBCD","Added","Added MHOH-HV-P02 to RBCD principals on MHOH-HV-P06"
"2026-04-24 13:40:59","RBCD","MHOH-HV-P03","MHOH-HV-P06","RBCD","Added","Added MHOH-HV-P03 to RBCD principals on MHOH-HV-P06"
"2026-04-24 13:40:59","RBCD","MHOH-HV-P04","MHOH-HV-P06","RBCD","Added","Added MHOH-HV-P04 to RBCD principals on MHOH-HV-P06"
"2026-04-24 13:40:59","RBCD","MHOH-HV-P05","MHOH-HV-P06","RBCD","Added","Added MHOH-HV-P05 to RBCD principals on MHOH-HV-P06"
"2026-04-24 13:40:59","RBCD","MHOH-HV-P07","MHOH-HV-P06","RBCD","Added","Added MHOH-HV-P07 to RBCD principals on MHOH-HV-P06"
"2026-04-24 13:40:59","RBCD","MHOH-SECVID-P1","MHOH-HV-P06","RBCD","Added","Added MHOH-SECVID-P1 to RBCD principals on MHOH-HV-P06"
"2026-04-24 13:40:59","RBCD","MTHOH-ITCCS-P01","MHOH-HV-P06","RBCD","Added","Added MTHOH-ITCCS-P01 to RBCD principals on MHOH-HV-P06"
"2026-04-24 13:40:59","RBCD","PENFL-HV-P01","MHOH-HV-P06","RBCD","Added","Added PENFL-HV-P01 to RBCD principals on MHOH-HV-P06"
"2026-04-24 13:40:59","RBCD","RICTX-CVTHV-P1","MHOH-HV-P06","RBCD","Added","Added RICTX-CVTHV-P1 to RBCD principals on MHOH-HV-P06"
"2026-04-24 13:40:59","RBCD","RICTX-HV-T01","MHOH-HV-P06","RBCD","Added","Added RICTX-HV-T01 to RBCD principals on MHOH-HV-P06"
"2026-04-24 13:40:59","RBCD","RICTX-UCSHV-P1","MHOH-HV-P06","RBCD","Added","Added RICTX-UCSHV-P1 to RBCD principals on MHOH-HV-P06"
"2026-04-24 13:40:59","RBCD","RICTX-UCSHV-P2","MHOH-HV-P06","RBCD","Added","Added RICTX-UCSHV-P2 to RBCD principals on MHOH-HV-P06"
"2026-04-24 13:40:59","RBCD","RICTX-UCSHV-P3","MHOH-HV-P06","RBCD","Added","Added RICTX-UCSHV-P3 to RBCD principals on MHOH-HV-P06"
"2026-04-24 13:40:59","RBCD","RICTX-UCSHV-P6","MHOH-HV-P06","RBCD","Added","Added RICTX-UCSHV-P6 to RBCD principals on MHOH-HV-P06"
"2026-04-24 13:40:59","RBCD","RICTX-UCSHV-P7","MHOH-HV-P06","RBCD","Added","Added RICTX-UCSHV-P7 to RBCD principals on MHOH-HV-P06"
"2026-04-24 13:40:59","RBCD","RICTX-UCSHV-P8","MHOH-HV-P06","RBCD","Added","Added RICTX-UCSHV-P8 to RBCD principals on MHOH-HV-P06"
"2026-04-24 13:40:59","RBCD","SWINGGEAR1","MHOH-HV-P06","RBCD","Added","Added SWINGGEAR1 to RBCD principals on MHOH-HV-P06"
"2026-04-24 13:40:59","RBCD","WILPA-HV-P01","MHOH-HV-P06","RBCD","Added","Added WILPA-HV-P01 to RBCD principals on MHOH-HV-P06"
"2026-04-24 13:40:59","RBCD","BURON-HV-P01","MHOH-HV-P07","RBCD","Added","Added BURON-HV-P01 to RBCD principals on MHOH-HV-P07"
"2026-04-24 13:40:59","RBCD","CENWA-SECVID-P1","MHOH-HV-P07","RBCD","Added","Added CENWA-SECVID-P1 to RBCD principals on MHOH-HV-P07"
"2026-04-24 13:40:59","RBCD","CONOH-HV-P01","MHOH-HV-P07","RBCD","Added","Added CONOH-HV-P01 to RBCD principals on MHOH-HV-P07"
"2026-04-24 13:40:59","RBCD","CONOH-SECVID-P1","MHOH-HV-P07","RBCD","Added","Added CONOH-SECVID-P1 to RBCD principals on MHOH-HV-P07"
"2026-04-24 13:40:59","RBCD","DALOH-HV-P01","MHOH-HV-P07","RBCD","Added","Added DALOH-HV-P01 to RBCD principals on MHOH-HV-P07"
"2026-04-24 13:40:59","RBCD","DALTX-HV-P01","MHOH-HV-P07","RBCD","Added","Added DALTX-HV-P01 to RBCD principals on MHOH-HV-P07"
"2026-04-24 13:40:59","RBCD","GRINE-HV-P01","MHOH-HV-P07","RBCD","Added","Added GRINE-HV-P01 to RBCD principals on MHOH-HV-P07"
"2026-04-24 13:40:59","RBCD","LEWPA-HV-P01","MHOH-HV-P07","RBCD","Added","Added LEWPA-HV-P01 to RBCD principals on MHOH-HV-P07"
"2026-04-24 13:40:59","RBCD","LEWTX-HV-SW02","MHOH-HV-P07","RBCD","Added","Added LEWTX-HV-SW02 to RBCD principals on MHOH-HV-P07"
"2026-04-24 13:40:59","RBCD","LEWTX-HV-SW03","MHOH-HV-P07","RBCD","Added","Added LEWTX-HV-SW03 to RBCD principals on MHOH-HV-P07"
"2026-04-24 13:40:59","RBCD","LEWTX-HV-SW04","MHOH-HV-P07","RBCD","Added","Added LEWTX-HV-SW04 to RBCD principals on MHOH-HV-P07"
"2026-04-24 13:40:59","RBCD","LEWTX-HV-SW05","MHOH-HV-P07","RBCD","Added","Added LEWTX-HV-SW05 to RBCD principals on MHOH-HV-P07"
"2026-04-24 13:40:59","RBCD","LEWTX-ITCCS-P02","MHOH-HV-P07","RBCD","Added","Added LEWTX-ITCCS-P02 to RBCD principals on MHOH-HV-P07"
"2026-04-24 13:40:59","RBCD","LONNH-HV-P01","MHOH-HV-P07","RBCD","Added","Added LONNH-HV-P01 to RBCD principals on MHOH-HV-P07"
"2026-04-24 13:40:59","RBCD","MAROH-HV-P01","MHOH-HV-P07","RBCD","Added","Added MAROH-HV-P01 to RBCD principals on MHOH-HV-P07"
"2026-04-24 13:40:59","RBCD","MAROH-SECVID-P2","MHOH-HV-P07","RBCD","Added","Added MAROH-SECVID-P2 to RBCD principals on MHOH-HV-P07"
"2026-04-24 13:40:59","RBCD","MATMX-HV-P01","MHOH-HV-P07","RBCD","Added","Added MATMX-HV-P01 to RBCD principals on MHOH-HV-P07"
"2026-04-24 13:40:59","RBCD","MATMX-HV-P02","MHOH-HV-P07","RBCD","Added","Added MATMX-HV-P02 to RBCD principals on MHOH-HV-P07"
"2026-04-24 13:40:59","RBCD","MATTM-SECVID-P1","MHOH-HV-P07","RBCD","Added","Added MATTM-SECVID-P1 to RBCD principals on MHOH-HV-P07"
"2026-04-24 13:40:59","RBCD","MHOH-HV-P01","MHOH-HV-P07","RBCD","Added","Added MHOH-HV-P01 to RBCD principals on MHOH-HV-P07"
"2026-04-24 13:40:59","RBCD","MHOH-HV-P02","MHOH-HV-P07","RBCD","Added","Added MHOH-HV-P02 to RBCD principals on MHOH-HV-P07"
"2026-04-24 13:40:59","RBCD","MHOH-HV-P03","MHOH-HV-P07","RBCD","Added","Added MHOH-HV-P03 to RBCD principals on MHOH-HV-P07"
"2026-04-24 13:40:59","RBCD","MHOH-HV-P04","MHOH-HV-P07","RBCD","Added","Added MHOH-HV-P04 to RBCD principals on MHOH-HV-P07"
"2026-04-24 13:40:59","RBCD","MHOH-HV-P05","MHOH-HV-P07","RBCD","Added","Added MHOH-HV-P05 to RBCD principals on MHOH-HV-P07"
"2026-04-24 13:40:59","RBCD","MHOH-HV-P06","MHOH-HV-P07","RBCD","Added","Added MHOH-HV-P06 to RBCD principals on MHOH-HV-P07"
"2026-04-24 13:40:59","RBCD","MHOH-SECVID-P1","MHOH-HV-P07","RBCD","Added","Added MHOH-SECVID-P1 to RBCD principals on MHOH-HV-P07"
"2026-04-24 13:40:59","RBCD","MTHOH-ITCCS-P01","MHOH-HV-P07","RBCD","Added","Added MTHOH-ITCCS-P01 to RBCD principals on MHOH-HV-P07"
"2026-04-24 13:40:59","RBCD","PENFL-HV-P01","MHOH-HV-P07","RBCD","Added","Added PENFL-HV-P01 to RBCD principals on MHOH-HV-P07"
"2026-04-24 13:40:59","RBCD","RICTX-CVTHV-P1","MHOH-HV-P07","RBCD","Added","Added RICTX-CVTHV-P1 to RBCD principals on MHOH-HV-P07"
"2026-04-24 13:40:59","RBCD","RICTX-HV-T01","MHOH-HV-P07","RBCD","Added","Added RICTX-HV-T01 to RBCD principals on MHOH-HV-P07"
"2026-04-24 13:40:59","RBCD","RICTX-UCSHV-P1","MHOH-HV-P07","RBCD","Added","Added RICTX-UCSHV-P1 to RBCD principals on MHOH-HV-P07"
"2026-04-24 13:40:59","RBCD","RICTX-UCSHV-P2","MHOH-HV-P07","RBCD","Added","Added RICTX-UCSHV-P2 to RBCD principals on MHOH-HV-P07"
"2026-04-24 13:40:59","RBCD","RICTX-UCSHV-P3","MHOH-HV-P07","RBCD","Added","Added RICTX-UCSHV-P3 to RBCD principals on MHOH-HV-P07"
"2026-04-24 13:40:59","RBCD","RICTX-UCSHV-P6","MHOH-HV-P07","RBCD","Added","Added RICTX-UCSHV-P6 to RBCD principals on MHOH-HV-P07"
"2026-04-24 13:40:59","RBCD","RICTX-UCSHV-P7","MHOH-HV-P07","RBCD","Added","Added RICTX-UCSHV-P7 to RBCD principals on MHOH-HV-P07"
"2026-04-24 13:40:59","RBCD","RICTX-UCSHV-P8","MHOH-HV-P07","RBCD","Added","Added RICTX-UCSHV-P8 to RBCD principals on MHOH-HV-P07"
"2026-04-24 13:40:59","RBCD","SWINGGEAR1","MHOH-HV-P07","RBCD","Added","Added SWINGGEAR1 to RBCD principals on MHOH-HV-P07"
"2026-04-24 13:40:59","RBCD","WILPA-HV-P01","MHOH-HV-P07","RBCD","Added","Added WILPA-HV-P01 to RBCD principals on MHOH-HV-P07"
"2026-04-24 13:41:00","RBCD","BURON-HV-P01","MHOH-SECVID-P1","RBCD","Added","Added BURON-HV-P01 to RBCD principals on MHOH-SECVID-P1"
"2026-04-24 13:41:00","RBCD","CENWA-SECVID-P1","MHOH-SECVID-P1","RBCD","Added","Added CENWA-SECVID-P1 to RBCD principals on MHOH-SECVID-P1"
"2026-04-24 13:41:00","RBCD","CONOH-HV-P01","MHOH-SECVID-P1","RBCD","Added","Added CONOH-HV-P01 to RBCD principals on MHOH-SECVID-P1"
"2026-04-24 13:41:00","RBCD","CONOH-SECVID-P1","MHOH-SECVID-P1","RBCD","Added","Added CONOH-SECVID-P1 to RBCD principals on MHOH-SECVID-P1"
"2026-04-24 13:41:00","RBCD","DALOH-HV-P01","MHOH-SECVID-P1","RBCD","Added","Added DALOH-HV-P01 to RBCD principals on MHOH-SECVID-P1"
"2026-04-24 13:41:00","RBCD","DALTX-HV-P01","MHOH-SECVID-P1","RBCD","Added","Added DALTX-HV-P01 to RBCD principals on MHOH-SECVID-P1"
"2026-04-24 13:41:00","RBCD","GRINE-HV-P01","MHOH-SECVID-P1","RBCD","Added","Added GRINE-HV-P01 to RBCD principals on MHOH-SECVID-P1"
"2026-04-24 13:41:00","RBCD","LEWPA-HV-P01","MHOH-SECVID-P1","RBCD","Added","Added LEWPA-HV-P01 to RBCD principals on MHOH-SECVID-P1"
"2026-04-24 13:41:00","RBCD","LEWTX-HV-SW02","MHOH-SECVID-P1","RBCD","Added","Added LEWTX-HV-SW02 to RBCD principals on MHOH-SECVID-P1"
"2026-04-24 13:41:00","RBCD","LEWTX-HV-SW03","MHOH-SECVID-P1","RBCD","Added","Added LEWTX-HV-SW03 to RBCD principals on MHOH-SECVID-P1"
"2026-04-24 13:41:00","RBCD","LEWTX-HV-SW04","MHOH-SECVID-P1","RBCD","Added","Added LEWTX-HV-SW04 to RBCD principals on MHOH-SECVID-P1"
"2026-04-24 13:41:00","RBCD","LEWTX-HV-SW05","MHOH-SECVID-P1","RBCD","Added","Added LEWTX-HV-SW05 to RBCD principals on MHOH-SECVID-P1"
"2026-04-24 13:41:00","RBCD","LEWTX-ITCCS-P02","MHOH-SECVID-P1","RBCD","Added","Added LEWTX-ITCCS-P02 to RBCD principals on MHOH-SECVID-P1"
"2026-04-24 13:41:00","RBCD","LONNH-HV-P01","MHOH-SECVID-P1","RBCD","Added","Added LONNH-HV-P01 to RBCD principals on MHOH-SECVID-P1"
"2026-04-24 13:41:00","RBCD","MAROH-HV-P01","MHOH-SECVID-P1","RBCD","Added","Added MAROH-HV-P01 to RBCD principals on MHOH-SECVID-P1"
"2026-04-24 13:41:00","RBCD","MAROH-SECVID-P2","MHOH-SECVID-P1","RBCD","Added","Added MAROH-SECVID-P2 to RBCD principals on MHOH-SECVID-P1"
"2026-04-24 13:41:00","RBCD","MATMX-HV-P01","MHOH-SECVID-P1","RBCD","Added","Added MATMX-HV-P01 to RBCD principals on MHOH-SECVID-P1"
"2026-04-24 13:41:00","RBCD","MATMX-HV-P02","MHOH-SECVID-P1","RBCD","Added","Added MATMX-HV-P02 to RBCD principals on MHOH-SECVID-P1"
"2026-04-24 13:41:00","RBCD","MATTM-SECVID-P1","MHOH-SECVID-P1","RBCD","Added","Added MATTM-SECVID-P1 to RBCD principals on MHOH-SECVID-P1"
"2026-04-24 13:41:00","RBCD","MHOH-HV-P01","MHOH-SECVID-P1","RBCD","Added","Added MHOH-HV-P01 to RBCD principals on MHOH-SECVID-P1"
"2026-04-24 13:41:00","RBCD","MHOH-HV-P02","MHOH-SECVID-P1","RBCD","Added","Added MHOH-HV-P02 to RBCD principals on MHOH-SECVID-P1"
"2026-04-24 13:41:00","RBCD","MHOH-HV-P03","MHOH-SECVID-P1","RBCD","Added","Added MHOH-HV-P03 to RBCD principals on MHOH-SECVID-P1"
"2026-04-24 13:41:00","RBCD","MHOH-HV-P04","MHOH-SECVID-P1","RBCD","Added","Added MHOH-HV-P04 to RBCD principals on MHOH-SECVID-P1"
"2026-04-24 13:41:00","RBCD","MHOH-HV-P05","MHOH-SECVID-P1","RBCD","Added","Added MHOH-HV-P05 to RBCD principals on MHOH-SECVID-P1"
"2026-04-24 13:41:00","RBCD","MHOH-HV-P06","MHOH-SECVID-P1","RBCD","Added","Added MHOH-HV-P06 to RBCD principals on MHOH-SECVID-P1"
"2026-04-24 13:41:00","RBCD","MHOH-HV-P07","MHOH-SECVID-P1","RBCD","Added","Added MHOH-HV-P07 to RBCD principals on MHOH-SECVID-P1"
"2026-04-24 13:41:00","RBCD","MTHOH-ITCCS-P01","MHOH-SECVID-P1","RBCD","Added","Added MTHOH-ITCCS-P01 to RBCD principals on MHOH-SECVID-P1"
"2026-04-24 13:41:00","RBCD","PENFL-HV-P01","MHOH-SECVID-P1","RBCD","Added","Added PENFL-HV-P01 to RBCD principals on MHOH-SECVID-P1"
"2026-04-24 13:41:00","RBCD","RICTX-CVTHV-P1","MHOH-SECVID-P1","RBCD","Added","Added RICTX-CVTHV-P1 to RBCD principals on MHOH-SECVID-P1"
"2026-04-24 13:41:00","RBCD","RICTX-HV-T01","MHOH-SECVID-P1","RBCD","Added","Added RICTX-HV-T01 to RBCD principals on MHOH-SECVID-P1"
"2026-04-24 13:41:00","RBCD","RICTX-UCSHV-P1","MHOH-SECVID-P1","RBCD","Added","Added RICTX-UCSHV-P1 to RBCD principals on MHOH-SECVID-P1"
"2026-04-24 13:41:00","RBCD","RICTX-UCSHV-P2","MHOH-SECVID-P1","RBCD","Added","Added RICTX-UCSHV-P2 to RBCD principals on MHOH-SECVID-P1"
"2026-04-24 13:41:00","RBCD","RICTX-UCSHV-P3","MHOH-SECVID-P1","RBCD","Added","Added RICTX-UCSHV-P3 to RBCD principals on MHOH-SECVID-P1"
"2026-04-24 13:41:00","RBCD","RICTX-UCSHV-P6","MHOH-SECVID-P1","RBCD","Added","Added RICTX-UCSHV-P6 to RBCD principals on MHOH-SECVID-P1"
"2026-04-24 13:41:00","RBCD","RICTX-UCSHV-P7","MHOH-SECVID-P1","RBCD","Added","Added RICTX-UCSHV-P7 to RBCD principals on MHOH-SECVID-P1"
"2026-04-24 13:41:00","RBCD","RICTX-UCSHV-P8","MHOH-SECVID-P1","RBCD","Added","Added RICTX-UCSHV-P8 to RBCD principals on MHOH-SECVID-P1"
"2026-04-24 13:41:00","RBCD","SWINGGEAR1","MHOH-SECVID-P1","RBCD","Added","Added SWINGGEAR1 to RBCD principals on MHOH-SECVID-P1"
"2026-04-24 13:41:00","RBCD","WILPA-HV-P01","MHOH-SECVID-P1","RBCD","Added","Added WILPA-HV-P01 to RBCD principals on MHOH-SECVID-P1"
"2026-04-24 13:41:00","RBCD","BURON-HV-P01","MTHOH-ITCCS-P01","RBCD","Added","Added BURON-HV-P01 to RBCD principals on MTHOH-ITCCS-P01"
"2026-04-24 13:41:00","RBCD","CENWA-SECVID-P1","MTHOH-ITCCS-P01","RBCD","Added","Added CENWA-SECVID-P1 to RBCD principals on MTHOH-ITCCS-P01"
"2026-04-24 13:41:00","RBCD","CONOH-HV-P01","MTHOH-ITCCS-P01","RBCD","Added","Added CONOH-HV-P01 to RBCD principals on MTHOH-ITCCS-P01"
"2026-04-24 13:41:00","RBCD","CONOH-SECVID-P1","MTHOH-ITCCS-P01","RBCD","Added","Added CONOH-SECVID-P1 to RBCD principals on MTHOH-ITCCS-P01"
"2026-04-24 13:41:00","RBCD","DALOH-HV-P01","MTHOH-ITCCS-P01","RBCD","Added","Added DALOH-HV-P01 to RBCD principals on MTHOH-ITCCS-P01"
"2026-04-24 13:41:00","RBCD","DALTX-HV-P01","MTHOH-ITCCS-P01","RBCD","Added","Added DALTX-HV-P01 to RBCD principals on MTHOH-ITCCS-P01"
"2026-04-24 13:41:00","RBCD","GRINE-HV-P01","MTHOH-ITCCS-P01","RBCD","Added","Added GRINE-HV-P01 to RBCD principals on MTHOH-ITCCS-P01"
"2026-04-24 13:41:00","RBCD","LEWPA-HV-P01","MTHOH-ITCCS-P01","RBCD","Added","Added LEWPA-HV-P01 to RBCD principals on MTHOH-ITCCS-P01"
"2026-04-24 13:41:00","RBCD","LEWTX-HV-SW02","MTHOH-ITCCS-P01","RBCD","Added","Added LEWTX-HV-SW02 to RBCD principals on MTHOH-ITCCS-P01"
"2026-04-24 13:41:00","RBCD","LEWTX-HV-SW03","MTHOH-ITCCS-P01","RBCD","Added","Added LEWTX-HV-SW03 to RBCD principals on MTHOH-ITCCS-P01"
"2026-04-24 13:41:00","RBCD","LEWTX-HV-SW04","MTHOH-ITCCS-P01","RBCD","Added","Added LEWTX-HV-SW04 to RBCD principals on MTHOH-ITCCS-P01"
"2026-04-24 13:41:00","RBCD","LEWTX-HV-SW05","MTHOH-ITCCS-P01","RBCD","Added","Added LEWTX-HV-SW05 to RBCD principals on MTHOH-ITCCS-P01"
"2026-04-24 13:41:00","RBCD","LEWTX-ITCCS-P02","MTHOH-ITCCS-P01","RBCD","Added","Added LEWTX-ITCCS-P02 to RBCD principals on MTHOH-ITCCS-P01"
"2026-04-24 13:41:00","RBCD","LONNH-HV-P01","MTHOH-ITCCS-P01","RBCD","Added","Added LONNH-HV-P01 to RBCD principals on MTHOH-ITCCS-P01"
"2026-04-24 13:41:00","RBCD","MAROH-HV-P01","MTHOH-ITCCS-P01","RBCD","Added","Added MAROH-HV-P01 to RBCD principals on MTHOH-ITCCS-P01"
"2026-04-24 13:41:00","RBCD","MAROH-SECVID-P2","MTHOH-ITCCS-P01","RBCD","Added","Added MAROH-SECVID-P2 to RBCD principals on MTHOH-ITCCS-P01"
"2026-04-24 13:41:00","RBCD","MATMX-HV-P01","MTHOH-ITCCS-P01","RBCD","Added","Added MATMX-HV-P01 to RBCD principals on MTHOH-ITCCS-P01"
"2026-04-24 13:41:00","RBCD","MATMX-HV-P02","MTHOH-ITCCS-P01","RBCD","Added","Added MATMX-HV-P02 to RBCD principals on MTHOH-ITCCS-P01"
"2026-04-24 13:41:00","RBCD","MATTM-SECVID-P1","MTHOH-ITCCS-P01","RBCD","Added","Added MATTM-SECVID-P1 to RBCD principals on MTHOH-ITCCS-P01"
"2026-04-24 13:41:00","RBCD","MHOH-HV-P01","MTHOH-ITCCS-P01","RBCD","Added","Added MHOH-HV-P01 to RBCD principals on MTHOH-ITCCS-P01"
"2026-04-24 13:41:00","RBCD","MHOH-HV-P02","MTHOH-ITCCS-P01","RBCD","Added","Added MHOH-HV-P02 to RBCD principals on MTHOH-ITCCS-P01"
"2026-04-24 13:41:00","RBCD","MHOH-HV-P03","MTHOH-ITCCS-P01","RBCD","Added","Added MHOH-HV-P03 to RBCD principals on MTHOH-ITCCS-P01"
"2026-04-24 13:41:00","RBCD","MHOH-HV-P04","MTHOH-ITCCS-P01","RBCD","Added","Added MHOH-HV-P04 to RBCD principals on MTHOH-ITCCS-P01"
"2026-04-24 13:41:00","RBCD","MHOH-HV-P05","MTHOH-ITCCS-P01","RBCD","Added","Added MHOH-HV-P05 to RBCD principals on MTHOH-ITCCS-P01"
"2026-04-24 13:41:00","RBCD","MHOH-HV-P06","MTHOH-ITCCS-P01","RBCD","Added","Added MHOH-HV-P06 to RBCD principals on MTHOH-ITCCS-P01"
"2026-04-24 13:41:00","RBCD","MHOH-HV-P07","MTHOH-ITCCS-P01","RBCD","Added","Added MHOH-HV-P07 to RBCD principals on MTHOH-ITCCS-P01"
"2026-04-24 13:41:00","RBCD","MHOH-SECVID-P1","MTHOH-ITCCS-P01","RBCD","Added","Added MHOH-SECVID-P1 to RBCD principals on MTHOH-ITCCS-P01"
"2026-04-24 13:41:00","RBCD","PENFL-HV-P01","MTHOH-ITCCS-P01","RBCD","Added","Added PENFL-HV-P01 to RBCD principals on MTHOH-ITCCS-P01"
"2026-04-24 13:41:00","RBCD","RICTX-CVTHV-P1","MTHOH-ITCCS-P01","RBCD","Added","Added RICTX-CVTHV-P1 to RBCD principals on MTHOH-ITCCS-P01"
"2026-04-24 13:41:00","RBCD","RICTX-HV-T01","MTHOH-ITCCS-P01","RBCD","Added","Added RICTX-HV-T01 to RBCD principals on MTHOH-ITCCS-P01"
"2026-04-24 13:41:00","RBCD","RICTX-UCSHV-P1","MTHOH-ITCCS-P01","RBCD","Added","Added RICTX-UCSHV-P1 to RBCD principals on MTHOH-ITCCS-P01"
"2026-04-24 13:41:00","RBCD","RICTX-UCSHV-P2","MTHOH-ITCCS-P01","RBCD","Added","Added RICTX-UCSHV-P2 to RBCD principals on MTHOH-ITCCS-P01"
"2026-04-24 13:41:00","RBCD","RICTX-UCSHV-P3","MTHOH-ITCCS-P01","RBCD","Added","Added RICTX-UCSHV-P3 to RBCD principals on MTHOH-ITCCS-P01"
"2026-04-24 13:41:00","RBCD","RICTX-UCSHV-P6","MTHOH-ITCCS-P01","RBCD","Added","Added RICTX-UCSHV-P6 to RBCD principals on MTHOH-ITCCS-P01"
"2026-04-24 13:41:00","RBCD","RICTX-UCSHV-P7","MTHOH-ITCCS-P01","RBCD","Added","Added RICTX-UCSHV-P7 to RBCD principals on MTHOH-ITCCS-P01"
"2026-04-24 13:41:00","RBCD","RICTX-UCSHV-P8","MTHOH-ITCCS-P01","RBCD","Added","Added RICTX-UCSHV-P8 to RBCD principals on MTHOH-ITCCS-P01"
"2026-04-24 13:41:00","RBCD","SWINGGEAR1","MTHOH-ITCCS-P01","RBCD","Added","Added SWINGGEAR1 to RBCD principals on MTHOH-ITCCS-P01"
"2026-04-24 13:41:00","RBCD","WILPA-HV-P01","MTHOH-ITCCS-P01","RBCD","Added","Added WILPA-HV-P01 to RBCD principals on MTHOH-ITCCS-P01"
"2026-04-24 13:41:00","RBCD","BURON-HV-P01","PENFL-HV-P01","RBCD","Added","Added BURON-HV-P01 to RBCD principals on PENFL-HV-P01"
"2026-04-24 13:41:00","RBCD","CENWA-SECVID-P1","PENFL-HV-P01","RBCD","Added","Added CENWA-SECVID-P1 to RBCD principals on PENFL-HV-P01"
"2026-04-24 13:41:00","RBCD","CONOH-HV-P01","PENFL-HV-P01","RBCD","Added","Added CONOH-HV-P01 to RBCD principals on PENFL-HV-P01"
"2026-04-24 13:41:00","RBCD","CONOH-SECVID-P1","PENFL-HV-P01","RBCD","Added","Added CONOH-SECVID-P1 to RBCD principals on PENFL-HV-P01"
"2026-04-24 13:41:00","RBCD","DALOH-HV-P01","PENFL-HV-P01","RBCD","Added","Added DALOH-HV-P01 to RBCD principals on PENFL-HV-P01"
"2026-04-24 13:41:00","RBCD","DALTX-HV-P01","PENFL-HV-P01","RBCD","Added","Added DALTX-HV-P01 to RBCD principals on PENFL-HV-P01"
"2026-04-24 13:41:00","RBCD","GRINE-HV-P01","PENFL-HV-P01","RBCD","Added","Added GRINE-HV-P01 to RBCD principals on PENFL-HV-P01"
"2026-04-24 13:41:00","RBCD","LEWPA-HV-P01","PENFL-HV-P01","RBCD","Added","Added LEWPA-HV-P01 to RBCD principals on PENFL-HV-P01"
"2026-04-24 13:41:00","RBCD","LEWTX-HV-SW02","PENFL-HV-P01","RBCD","Added","Added LEWTX-HV-SW02 to RBCD principals on PENFL-HV-P01"
"2026-04-24 13:41:00","RBCD","LEWTX-HV-SW03","PENFL-HV-P01","RBCD","Added","Added LEWTX-HV-SW03 to RBCD principals on PENFL-HV-P01"
"2026-04-24 13:41:00","RBCD","LEWTX-HV-SW04","PENFL-HV-P01","RBCD","Added","Added LEWTX-HV-SW04 to RBCD principals on PENFL-HV-P01"
"2026-04-24 13:41:00","RBCD","LEWTX-HV-SW05","PENFL-HV-P01","RBCD","Added","Added LEWTX-HV-SW05 to RBCD principals on PENFL-HV-P01"
"2026-04-24 13:41:00","RBCD","LEWTX-ITCCS-P02","PENFL-HV-P01","RBCD","Added","Added LEWTX-ITCCS-P02 to RBCD principals on PENFL-HV-P01"
"2026-04-24 13:41:00","RBCD","LONNH-HV-P01","PENFL-HV-P01","RBCD","Added","Added LONNH-HV-P01 to RBCD principals on PENFL-HV-P01"
"2026-04-24 13:41:00","RBCD","MAROH-HV-P01","PENFL-HV-P01","RBCD","Added","Added MAROH-HV-P01 to RBCD principals on PENFL-HV-P01"
"2026-04-24 13:41:00","RBCD","MAROH-SECVID-P2","PENFL-HV-P01","RBCD","Added","Added MAROH-SECVID-P2 to RBCD principals on PENFL-HV-P01"
"2026-04-24 13:41:00","RBCD","MATMX-HV-P01","PENFL-HV-P01","RBCD","Added","Added MATMX-HV-P01 to RBCD principals on PENFL-HV-P01"
"2026-04-24 13:41:00","RBCD","MATMX-HV-P02","PENFL-HV-P01","RBCD","Added","Added MATMX-HV-P02 to RBCD principals on PENFL-HV-P01"
"2026-04-24 13:41:00","RBCD","MATTM-SECVID-P1","PENFL-HV-P01","RBCD","Added","Added MATTM-SECVID-P1 to RBCD principals on PENFL-HV-P01"
"2026-04-24 13:41:00","RBCD","MHOH-HV-P01","PENFL-HV-P01","RBCD","Added","Added MHOH-HV-P01 to RBCD principals on PENFL-HV-P01"
"2026-04-24 13:41:00","RBCD","MHOH-HV-P02","PENFL-HV-P01","RBCD","Added","Added MHOH-HV-P02 to RBCD principals on PENFL-HV-P01"
"2026-04-24 13:41:00","RBCD","MHOH-HV-P03","PENFL-HV-P01","RBCD","Added","Added MHOH-HV-P03 to RBCD principals on PENFL-HV-P01"
"2026-04-24 13:41:00","RBCD","MHOH-HV-P04","PENFL-HV-P01","RBCD","Added","Added MHOH-HV-P04 to RBCD principals on PENFL-HV-P01"
"2026-04-24 13:41:00","RBCD","MHOH-HV-P05","PENFL-HV-P01","RBCD","Added","Added MHOH-HV-P05 to RBCD principals on PENFL-HV-P01"
"2026-04-24 13:41:00","RBCD","MHOH-HV-P06","PENFL-HV-P01","RBCD","Added","Added MHOH-HV-P06 to RBCD principals on PENFL-HV-P01"
"2026-04-24 13:41:00","RBCD","MHOH-HV-P07","PENFL-HV-P01","RBCD","Added","Added MHOH-HV-P07 to RBCD principals on PENFL-HV-P01"
"2026-04-24 13:41:00","RBCD","MHOH-SECVID-P1","PENFL-HV-P01","RBCD","Added","Added MHOH-SECVID-P1 to RBCD principals on PENFL-HV-P01"
"2026-04-24 13:41:00","RBCD","MTHOH-ITCCS-P01","PENFL-HV-P01","RBCD","Added","Added MTHOH-ITCCS-P01 to RBCD principals on PENFL-HV-P01"
"2026-04-24 13:41:00","RBCD","RICTX-CVTHV-P1","PENFL-HV-P01","RBCD","Added","Added RICTX-CVTHV-P1 to RBCD principals on PENFL-HV-P01"
"2026-04-24 13:41:00","RBCD","RICTX-HV-T01","PENFL-HV-P01","RBCD","Added","Added RICTX-HV-T01 to RBCD principals on PENFL-HV-P01"
"2026-04-24 13:41:00","RBCD","RICTX-UCSHV-P1","PENFL-HV-P01","RBCD","Added","Added RICTX-UCSHV-P1 to RBCD principals on PENFL-HV-P01"
"2026-04-24 13:41:00","RBCD","RICTX-UCSHV-P2","PENFL-HV-P01","RBCD","Added","Added RICTX-UCSHV-P2 to RBCD principals on PENFL-HV-P01"
"2026-04-24 13:41:00","RBCD","RICTX-UCSHV-P3","PENFL-HV-P01","RBCD","Added","Added RICTX-UCSHV-P3 to RBCD principals on PENFL-HV-P01"
"2026-04-24 13:41:00","RBCD","RICTX-UCSHV-P6","PENFL-HV-P01","RBCD","Added","Added RICTX-UCSHV-P6 to RBCD principals on PENFL-HV-P01"
"2026-04-24 13:41:00","RBCD","RICTX-UCSHV-P7","PENFL-HV-P01","RBCD","Added","Added RICTX-UCSHV-P7 to RBCD principals on PENFL-HV-P01"
"2026-04-24 13:41:00","RBCD","RICTX-UCSHV-P8","PENFL-HV-P01","RBCD","Added","Added RICTX-UCSHV-P8 to RBCD principals on PENFL-HV-P01"
"2026-04-24 13:41:00","RBCD","SWINGGEAR1","PENFL-HV-P01","RBCD","Added","Added SWINGGEAR1 to RBCD principals on PENFL-HV-P01"
"2026-04-24 13:41:00","RBCD","WILPA-HV-P01","PENFL-HV-P01","RBCD","Added","Added WILPA-HV-P01 to RBCD principals on PENFL-HV-P01"
"2026-04-24 13:41:00","RBCD","BURON-HV-P01","RICTX-CVTHV-P1","RBCD","Added","Added BURON-HV-P01 to RBCD principals on RICTX-CVTHV-P1"
"2026-04-24 13:41:00","RBCD","CENWA-SECVID-P1","RICTX-CVTHV-P1","RBCD","Added","Added CENWA-SECVID-P1 to RBCD principals on RICTX-CVTHV-P1"
"2026-04-24 13:41:00","RBCD","CONOH-HV-P01","RICTX-CVTHV-P1","RBCD","Added","Added CONOH-HV-P01 to RBCD principals on RICTX-CVTHV-P1"
"2026-04-24 13:41:00","RBCD","CONOH-SECVID-P1","RICTX-CVTHV-P1","RBCD","Added","Added CONOH-SECVID-P1 to RBCD principals on RICTX-CVTHV-P1"
"2026-04-24 13:41:00","RBCD","DALOH-HV-P01","RICTX-CVTHV-P1","RBCD","Added","Added DALOH-HV-P01 to RBCD principals on RICTX-CVTHV-P1"
"2026-04-24 13:41:00","RBCD","DALTX-HV-P01","RICTX-CVTHV-P1","RBCD","Added","Added DALTX-HV-P01 to RBCD principals on RICTX-CVTHV-P1"
"2026-04-24 13:41:00","RBCD","GRINE-HV-P01","RICTX-CVTHV-P1","RBCD","Added","Added GRINE-HV-P01 to RBCD principals on RICTX-CVTHV-P1"
"2026-04-24 13:41:00","RBCD","LEWPA-HV-P01","RICTX-CVTHV-P1","RBCD","Added","Added LEWPA-HV-P01 to RBCD principals on RICTX-CVTHV-P1"
"2026-04-24 13:41:00","RBCD","LEWTX-HV-SW02","RICTX-CVTHV-P1","RBCD","Added","Added LEWTX-HV-SW02 to RBCD principals on RICTX-CVTHV-P1"
"2026-04-24 13:41:00","RBCD","LEWTX-HV-SW03","RICTX-CVTHV-P1","RBCD","Added","Added LEWTX-HV-SW03 to RBCD principals on RICTX-CVTHV-P1"
"2026-04-24 13:41:00","RBCD","LEWTX-HV-SW04","RICTX-CVTHV-P1","RBCD","Added","Added LEWTX-HV-SW04 to RBCD principals on RICTX-CVTHV-P1"
"2026-04-24 13:41:00","RBCD","LEWTX-HV-SW05","RICTX-CVTHV-P1","RBCD","Added","Added LEWTX-HV-SW05 to RBCD principals on RICTX-CVTHV-P1"
"2026-04-24 13:41:00","RBCD","LEWTX-ITCCS-P02","RICTX-CVTHV-P1","RBCD","Added","Added LEWTX-ITCCS-P02 to RBCD principals on RICTX-CVTHV-P1"
"2026-04-24 13:41:00","RBCD","LONNH-HV-P01","RICTX-CVTHV-P1","RBCD","Added","Added LONNH-HV-P01 to RBCD principals on RICTX-CVTHV-P1"
"2026-04-24 13:41:00","RBCD","MAROH-HV-P01","RICTX-CVTHV-P1","RBCD","Added","Added MAROH-HV-P01 to RBCD principals on RICTX-CVTHV-P1"
"2026-04-24 13:41:00","RBCD","MAROH-SECVID-P2","RICTX-CVTHV-P1","RBCD","Added","Added MAROH-SECVID-P2 to RBCD principals on RICTX-CVTHV-P1"
"2026-04-24 13:41:00","RBCD","MATMX-HV-P01","RICTX-CVTHV-P1","RBCD","Added","Added MATMX-HV-P01 to RBCD principals on RICTX-CVTHV-P1"
"2026-04-24 13:41:00","RBCD","MATMX-HV-P02","RICTX-CVTHV-P1","RBCD","Added","Added MATMX-HV-P02 to RBCD principals on RICTX-CVTHV-P1"
"2026-04-24 13:41:00","RBCD","MATTM-SECVID-P1","RICTX-CVTHV-P1","RBCD","Added","Added MATTM-SECVID-P1 to RBCD principals on RICTX-CVTHV-P1"
"2026-04-24 13:41:00","RBCD","MHOH-HV-P01","RICTX-CVTHV-P1","RBCD","Added","Added MHOH-HV-P01 to RBCD principals on RICTX-CVTHV-P1"
"2026-04-24 13:41:00","RBCD","MHOH-HV-P02","RICTX-CVTHV-P1","RBCD","Added","Added MHOH-HV-P02 to RBCD principals on RICTX-CVTHV-P1"
"2026-04-24 13:41:00","RBCD","MHOH-HV-P03","RICTX-CVTHV-P1","RBCD","Added","Added MHOH-HV-P03 to RBCD principals on RICTX-CVTHV-P1"
"2026-04-24 13:41:00","RBCD","MHOH-HV-P04","RICTX-CVTHV-P1","RBCD","Added","Added MHOH-HV-P04 to RBCD principals on RICTX-CVTHV-P1"
"2026-04-24 13:41:00","RBCD","MHOH-HV-P05","RICTX-CVTHV-P1","RBCD","Added","Added MHOH-HV-P05 to RBCD principals on RICTX-CVTHV-P1"
"2026-04-24 13:41:00","RBCD","MHOH-HV-P06","RICTX-CVTHV-P1","RBCD","Added","Added MHOH-HV-P06 to RBCD principals on RICTX-CVTHV-P1"
"2026-04-24 13:41:00","RBCD","MHOH-HV-P07","RICTX-CVTHV-P1","RBCD","Added","Added MHOH-HV-P07 to RBCD principals on RICTX-CVTHV-P1"
"2026-04-24 13:41:00","RBCD","MHOH-SECVID-P1","RICTX-CVTHV-P1","RBCD","Added","Added MHOH-SECVID-P1 to RBCD principals on RICTX-CVTHV-P1"
"2026-04-24 13:41:00","RBCD","MTHOH-ITCCS-P01","RICTX-CVTHV-P1","RBCD","Added","Added MTHOH-ITCCS-P01 to RBCD principals on RICTX-CVTHV-P1"
"2026-04-24 13:41:00","RBCD","PENFL-HV-P01","RICTX-CVTHV-P1","RBCD","Added","Added PENFL-HV-P01 to RBCD principals on RICTX-CVTHV-P1"
"2026-04-24 13:41:00","RBCD","RICTX-HV-T01","RICTX-CVTHV-P1","RBCD","Added","Added RICTX-HV-T01 to RBCD principals on RICTX-CVTHV-P1"
"2026-04-24 13:41:00","RBCD","RICTX-UCSHV-P1","RICTX-CVTHV-P1","RBCD","Added","Added RICTX-UCSHV-P1 to RBCD principals on RICTX-CVTHV-P1"
"2026-04-24 13:41:00","RBCD","RICTX-UCSHV-P2","RICTX-CVTHV-P1","RBCD","Added","Added RICTX-UCSHV-P2 to RBCD principals on RICTX-CVTHV-P1"
"2026-04-24 13:41:00","RBCD","RICTX-UCSHV-P3","RICTX-CVTHV-P1","RBCD","Added","Added RICTX-UCSHV-P3 to RBCD principals on RICTX-CVTHV-P1"
"2026-04-24 13:41:00","RBCD","RICTX-UCSHV-P6","RICTX-CVTHV-P1","RBCD","Added","Added RICTX-UCSHV-P6 to RBCD principals on RICTX-CVTHV-P1"
"2026-04-24 13:41:00","RBCD","RICTX-UCSHV-P7","RICTX-CVTHV-P1","RBCD","Added","Added RICTX-UCSHV-P7 to RBCD principals on RICTX-CVTHV-P1"
"2026-04-24 13:41:00","RBCD","RICTX-UCSHV-P8","RICTX-CVTHV-P1","RBCD","Added","Added RICTX-UCSHV-P8 to RBCD principals on RICTX-CVTHV-P1"
"2026-04-24 13:41:00","RBCD","SWINGGEAR1","RICTX-CVTHV-P1","RBCD","Added","Added SWINGGEAR1 to RBCD principals on RICTX-CVTHV-P1"
"2026-04-24 13:41:00","RBCD","WILPA-HV-P01","RICTX-CVTHV-P1","RBCD","Added","Added WILPA-HV-P01 to RBCD principals on RICTX-CVTHV-P1"
"2026-04-24 13:41:00","RBCD","BURON-HV-P01","RICTX-HV-T01","RBCD","Added","Added BURON-HV-P01 to RBCD principals on RICTX-HV-T01"
"2026-04-24 13:41:00","RBCD","CENWA-SECVID-P1","RICTX-HV-T01","RBCD","Added","Added CENWA-SECVID-P1 to RBCD principals on RICTX-HV-T01"
"2026-04-24 13:41:00","RBCD","CONOH-HV-P01","RICTX-HV-T01","RBCD","Added","Added CONOH-HV-P01 to RBCD principals on RICTX-HV-T01"
"2026-04-24 13:41:00","RBCD","CONOH-SECVID-P1","RICTX-HV-T01","RBCD","Added","Added CONOH-SECVID-P1 to RBCD principals on RICTX-HV-T01"
"2026-04-24 13:41:00","RBCD","DALOH-HV-P01","RICTX-HV-T01","RBCD","Added","Added DALOH-HV-P01 to RBCD principals on RICTX-HV-T01"
"2026-04-24 13:41:00","RBCD","DALTX-HV-P01","RICTX-HV-T01","RBCD","Added","Added DALTX-HV-P01 to RBCD principals on RICTX-HV-T01"
"2026-04-24 13:41:00","RBCD","GRINE-HV-P01","RICTX-HV-T01","RBCD","Added","Added GRINE-HV-P01 to RBCD principals on RICTX-HV-T01"
"2026-04-24 13:41:00","RBCD","LEWPA-HV-P01","RICTX-HV-T01","RBCD","Added","Added LEWPA-HV-P01 to RBCD principals on RICTX-HV-T01"
"2026-04-24 13:41:00","RBCD","LEWTX-HV-SW02","RICTX-HV-T01","RBCD","Added","Added LEWTX-HV-SW02 to RBCD principals on RICTX-HV-T01"
"2026-04-24 13:41:00","RBCD","LEWTX-HV-SW03","RICTX-HV-T01","RBCD","Added","Added LEWTX-HV-SW03 to RBCD principals on RICTX-HV-T01"
"2026-04-24 13:41:00","RBCD","LEWTX-HV-SW04","RICTX-HV-T01","RBCD","Added","Added LEWTX-HV-SW04 to RBCD principals on RICTX-HV-T01"
"2026-04-24 13:41:00","RBCD","LEWTX-HV-SW05","RICTX-HV-T01","RBCD","Added","Added LEWTX-HV-SW05 to RBCD principals on RICTX-HV-T01"
"2026-04-24 13:41:00","RBCD","LEWTX-ITCCS-P02","RICTX-HV-T01","RBCD","Added","Added LEWTX-ITCCS-P02 to RBCD principals on RICTX-HV-T01"
"2026-04-24 13:41:00","RBCD","LONNH-HV-P01","RICTX-HV-T01","RBCD","Added","Added LONNH-HV-P01 to RBCD principals on RICTX-HV-T01"
"2026-04-24 13:41:00","RBCD","MAROH-HV-P01","RICTX-HV-T01","RBCD","Added","Added MAROH-HV-P01 to RBCD principals on RICTX-HV-T01"
"2026-04-24 13:41:00","RBCD","MAROH-SECVID-P2","RICTX-HV-T01","RBCD","Added","Added MAROH-SECVID-P2 to RBCD principals on RICTX-HV-T01"
"2026-04-24 13:41:00","RBCD","MATMX-HV-P01","RICTX-HV-T01","RBCD","Added","Added MATMX-HV-P01 to RBCD principals on RICTX-HV-T01"
"2026-04-24 13:41:00","RBCD","MATMX-HV-P02","RICTX-HV-T01","RBCD","Added","Added MATMX-HV-P02 to RBCD principals on RICTX-HV-T01"
"2026-04-24 13:41:00","RBCD","MATTM-SECVID-P1","RICTX-HV-T01","RBCD","Added","Added MATTM-SECVID-P1 to RBCD principals on RICTX-HV-T01"
"2026-04-24 13:41:00","RBCD","MHOH-HV-P01","RICTX-HV-T01","RBCD","Added","Added MHOH-HV-P01 to RBCD principals on RICTX-HV-T01"
"2026-04-24 13:41:00","RBCD","MHOH-HV-P02","RICTX-HV-T01","RBCD","Added","Added MHOH-HV-P02 to RBCD principals on RICTX-HV-T01"
"2026-04-24 13:41:00","RBCD","MHOH-HV-P03","RICTX-HV-T01","RBCD","Added","Added MHOH-HV-P03 to RBCD principals on RICTX-HV-T01"
"2026-04-24 13:41:00","RBCD","MHOH-HV-P04","RICTX-HV-T01","RBCD","Added","Added MHOH-HV-P04 to RBCD principals on RICTX-HV-T01"
"2026-04-24 13:41:00","RBCD","MHOH-HV-P05","RICTX-HV-T01","RBCD","Added","Added MHOH-HV-P05 to RBCD principals on RICTX-HV-T01"
"2026-04-24 13:41:00","RBCD","MHOH-HV-P06","RICTX-HV-T01","RBCD","Added","Added MHOH-HV-P06 to RBCD principals on RICTX-HV-T01"
"2026-04-24 13:41:00","RBCD","MHOH-HV-P07","RICTX-HV-T01","RBCD","Added","Added MHOH-HV-P07 to RBCD principals on RICTX-HV-T01"
"2026-04-24 13:41:00","RBCD","MHOH-SECVID-P1","RICTX-HV-T01","RBCD","Added","Added MHOH-SECVID-P1 to RBCD principals on RICTX-HV-T01"
"2026-04-24 13:41:00","RBCD","MTHOH-ITCCS-P01","RICTX-HV-T01","RBCD","Added","Added MTHOH-ITCCS-P01 to RBCD principals on RICTX-HV-T01"
"2026-04-24 13:41:00","RBCD","PENFL-HV-P01","RICTX-HV-T01","RBCD","Added","Added PENFL-HV-P01 to RBCD principals on RICTX-HV-T01"
"2026-04-24 13:41:00","RBCD","RICTX-CVTHV-P1","RICTX-HV-T01","RBCD","Added","Added RICTX-CVTHV-P1 to RBCD principals on RICTX-HV-T01"
"2026-04-24 13:41:00","RBCD","RICTX-UCSHV-P1","RICTX-HV-T01","RBCD","Added","Added RICTX-UCSHV-P1 to RBCD principals on RICTX-HV-T01"
"2026-04-24 13:41:00","RBCD","RICTX-UCSHV-P2","RICTX-HV-T01","RBCD","Added","Added RICTX-UCSHV-P2 to RBCD principals on RICTX-HV-T01"
"2026-04-24 13:41:00","RBCD","RICTX-UCSHV-P3","RICTX-HV-T01","RBCD","Added","Added RICTX-UCSHV-P3 to RBCD principals on RICTX-HV-T01"
"2026-04-24 13:41:00","RBCD","RICTX-UCSHV-P6","RICTX-HV-T01","RBCD","Added","Added RICTX-UCSHV-P6 to RBCD principals on RICTX-HV-T01"
"2026-04-24 13:41:00","RBCD","RICTX-UCSHV-P7","RICTX-HV-T01","RBCD","Added","Added RICTX-UCSHV-P7 to RBCD principals on RICTX-HV-T01"
"2026-04-24 13:41:00","RBCD","RICTX-UCSHV-P8","RICTX-HV-T01","RBCD","Added","Added RICTX-UCSHV-P8 to RBCD principals on RICTX-HV-T01"
"2026-04-24 13:41:00","RBCD","SWINGGEAR1","RICTX-HV-T01","RBCD","Added","Added SWINGGEAR1 to RBCD principals on RICTX-HV-T01"
"2026-04-24 13:41:00","RBCD","WILPA-HV-P01","RICTX-HV-T01","RBCD","Added","Added WILPA-HV-P01 to RBCD principals on RICTX-HV-T01"
"2026-04-24 13:41:00","RBCD","BURON-HV-P01","RICTX-UCSHV-P1","RBCD","Added","Added BURON-HV-P01 to RBCD principals on RICTX-UCSHV-P1"
"2026-04-24 13:41:00","RBCD","CENWA-SECVID-P1","RICTX-UCSHV-P1","RBCD","Added","Added CENWA-SECVID-P1 to RBCD principals on RICTX-UCSHV-P1"
"2026-04-24 13:41:00","RBCD","CONOH-HV-P01","RICTX-UCSHV-P1","RBCD","Added","Added CONOH-HV-P01 to RBCD principals on RICTX-UCSHV-P1"
"2026-04-24 13:41:00","RBCD","CONOH-SECVID-P1","RICTX-UCSHV-P1","RBCD","Added","Added CONOH-SECVID-P1 to RBCD principals on RICTX-UCSHV-P1"
"2026-04-24 13:41:00","RBCD","DALOH-HV-P01","RICTX-UCSHV-P1","RBCD","Added","Added DALOH-HV-P01 to RBCD principals on RICTX-UCSHV-P1"
"2026-04-24 13:41:00","RBCD","DALTX-HV-P01","RICTX-UCSHV-P1","RBCD","Added","Added DALTX-HV-P01 to RBCD principals on RICTX-UCSHV-P1"
"2026-04-24 13:41:00","RBCD","GRINE-HV-P01","RICTX-UCSHV-P1","RBCD","Added","Added GRINE-HV-P01 to RBCD principals on RICTX-UCSHV-P1"
"2026-04-24 13:41:00","RBCD","LEWPA-HV-P01","RICTX-UCSHV-P1","RBCD","Added","Added LEWPA-HV-P01 to RBCD principals on RICTX-UCSHV-P1"
"2026-04-24 13:41:00","RBCD","LEWTX-HV-SW02","RICTX-UCSHV-P1","RBCD","Added","Added LEWTX-HV-SW02 to RBCD principals on RICTX-UCSHV-P1"
"2026-04-24 13:41:00","RBCD","LEWTX-HV-SW03","RICTX-UCSHV-P1","RBCD","Added","Added LEWTX-HV-SW03 to RBCD principals on RICTX-UCSHV-P1"
"2026-04-24 13:41:00","RBCD","LEWTX-HV-SW04","RICTX-UCSHV-P1","RBCD","Added","Added LEWTX-HV-SW04 to RBCD principals on RICTX-UCSHV-P1"
"2026-04-24 13:41:00","RBCD","LEWTX-HV-SW05","RICTX-UCSHV-P1","RBCD","Added","Added LEWTX-HV-SW05 to RBCD principals on RICTX-UCSHV-P1"
"2026-04-24 13:41:00","RBCD","LEWTX-ITCCS-P02","RICTX-UCSHV-P1","RBCD","Added","Added LEWTX-ITCCS-P02 to RBCD principals on RICTX-UCSHV-P1"
"2026-04-24 13:41:00","RBCD","LONNH-HV-P01","RICTX-UCSHV-P1","RBCD","Added","Added LONNH-HV-P01 to RBCD principals on RICTX-UCSHV-P1"
"2026-04-24 13:41:00","RBCD","MAROH-HV-P01","RICTX-UCSHV-P1","RBCD","Added","Added MAROH-HV-P01 to RBCD principals on RICTX-UCSHV-P1"
"2026-04-24 13:41:00","RBCD","MAROH-SECVID-P2","RICTX-UCSHV-P1","RBCD","Added","Added MAROH-SECVID-P2 to RBCD principals on RICTX-UCSHV-P1"
"2026-04-24 13:41:00","RBCD","MATMX-HV-P01","RICTX-UCSHV-P1","RBCD","Added","Added MATMX-HV-P01 to RBCD principals on RICTX-UCSHV-P1"
"2026-04-24 13:41:00","RBCD","MATMX-HV-P02","RICTX-UCSHV-P1","RBCD","Added","Added MATMX-HV-P02 to RBCD principals on RICTX-UCSHV-P1"
"2026-04-24 13:41:00","RBCD","MATTM-SECVID-P1","RICTX-UCSHV-P1","RBCD","Added","Added MATTM-SECVID-P1 to RBCD principals on RICTX-UCSHV-P1"
"2026-04-24 13:41:00","RBCD","MHOH-HV-P01","RICTX-UCSHV-P1","RBCD","Added","Added MHOH-HV-P01 to RBCD principals on RICTX-UCSHV-P1"
"2026-04-24 13:41:00","RBCD","MHOH-HV-P02","RICTX-UCSHV-P1","RBCD","Added","Added MHOH-HV-P02 to RBCD principals on RICTX-UCSHV-P1"
"2026-04-24 13:41:00","RBCD","MHOH-HV-P03","RICTX-UCSHV-P1","RBCD","Added","Added MHOH-HV-P03 to RBCD principals on RICTX-UCSHV-P1"
"2026-04-24 13:41:00","RBCD","MHOH-HV-P04","RICTX-UCSHV-P1","RBCD","Added","Added MHOH-HV-P04 to RBCD principals on RICTX-UCSHV-P1"
"2026-04-24 13:41:00","RBCD","MHOH-HV-P05","RICTX-UCSHV-P1","RBCD","Added","Added MHOH-HV-P05 to RBCD principals on RICTX-UCSHV-P1"
"2026-04-24 13:41:00","RBCD","MHOH-HV-P06","RICTX-UCSHV-P1","RBCD","Added","Added MHOH-HV-P06 to RBCD principals on RICTX-UCSHV-P1"
"2026-04-24 13:41:00","RBCD","MHOH-HV-P07","RICTX-UCSHV-P1","RBCD","Added","Added MHOH-HV-P07 to RBCD principals on RICTX-UCSHV-P1"
"2026-04-24 13:41:00","RBCD","MHOH-SECVID-P1","RICTX-UCSHV-P1","RBCD","Added","Added MHOH-SECVID-P1 to RBCD principals on RICTX-UCSHV-P1"
"2026-04-24 13:41:00","RBCD","MTHOH-ITCCS-P01","RICTX-UCSHV-P1","RBCD","Added","Added MTHOH-ITCCS-P01 to RBCD principals on RICTX-UCSHV-P1"
"2026-04-24 13:41:00","RBCD","PENFL-HV-P01","RICTX-UCSHV-P1","RBCD","Added","Added PENFL-HV-P01 to RBCD principals on RICTX-UCSHV-P1"
"2026-04-24 13:41:00","RBCD","RICTX-CVTHV-P1","RICTX-UCSHV-P1","RBCD","Added","Added RICTX-CVTHV-P1 to RBCD principals on RICTX-UCSHV-P1"
"2026-04-24 13:41:00","RBCD","RICTX-HV-T01","RICTX-UCSHV-P1","RBCD","Added","Added RICTX-HV-T01 to RBCD principals on RICTX-UCSHV-P1"
"2026-04-24 13:41:00","RBCD","RICTX-UCSHV-P2","RICTX-UCSHV-P1","RBCD","Added","Added RICTX-UCSHV-P2 to RBCD principals on RICTX-UCSHV-P1"
"2026-04-24 13:41:00","RBCD","RICTX-UCSHV-P3","RICTX-UCSHV-P1","RBCD","Added","Added RICTX-UCSHV-P3 to RBCD principals on RICTX-UCSHV-P1"
"2026-04-24 13:41:00","RBCD","RICTX-UCSHV-P6","RICTX-UCSHV-P1","RBCD","Added","Added RICTX-UCSHV-P6 to RBCD principals on RICTX-UCSHV-P1"
"2026-04-24 13:41:00","RBCD","RICTX-UCSHV-P7","RICTX-UCSHV-P1","RBCD","Added","Added RICTX-UCSHV-P7 to RBCD principals on RICTX-UCSHV-P1"
"2026-04-24 13:41:00","RBCD","RICTX-UCSHV-P8","RICTX-UCSHV-P1","RBCD","Added","Added RICTX-UCSHV-P8 to RBCD principals on RICTX-UCSHV-P1"
"2026-04-24 13:41:00","RBCD","SWINGGEAR1","RICTX-UCSHV-P1","RBCD","Added","Added SWINGGEAR1 to RBCD principals on RICTX-UCSHV-P1"
"2026-04-24 13:41:00","RBCD","WILPA-HV-P01","RICTX-UCSHV-P1","RBCD","Added","Added WILPA-HV-P01 to RBCD principals on RICTX-UCSHV-P1"
"2026-04-24 13:41:00","RBCD","BURON-HV-P01","RICTX-UCSHV-P2","RBCD","Added","Added BURON-HV-P01 to RBCD principals on RICTX-UCSHV-P2"
"2026-04-24 13:41:00","RBCD","CENWA-SECVID-P1","RICTX-UCSHV-P2","RBCD","Added","Added CENWA-SECVID-P1 to RBCD principals on RICTX-UCSHV-P2"
"2026-04-24 13:41:00","RBCD","CONOH-HV-P01","RICTX-UCSHV-P2","RBCD","Added","Added CONOH-HV-P01 to RBCD principals on RICTX-UCSHV-P2"
"2026-04-24 13:41:00","RBCD","CONOH-SECVID-P1","RICTX-UCSHV-P2","RBCD","Added","Added CONOH-SECVID-P1 to RBCD principals on RICTX-UCSHV-P2"
"2026-04-24 13:41:00","RBCD","DALOH-HV-P01","RICTX-UCSHV-P2","RBCD","Added","Added DALOH-HV-P01 to RBCD principals on RICTX-UCSHV-P2"
"2026-04-24 13:41:00","RBCD","DALTX-HV-P01","RICTX-UCSHV-P2","RBCD","Added","Added DALTX-HV-P01 to RBCD principals on RICTX-UCSHV-P2"
"2026-04-24 13:41:00","RBCD","GRINE-HV-P01","RICTX-UCSHV-P2","RBCD","Added","Added GRINE-HV-P01 to RBCD principals on RICTX-UCSHV-P2"
"2026-04-24 13:41:00","RBCD","LEWPA-HV-P01","RICTX-UCSHV-P2","RBCD","Added","Added LEWPA-HV-P01 to RBCD principals on RICTX-UCSHV-P2"
"2026-04-24 13:41:00","RBCD","LEWTX-HV-SW02","RICTX-UCSHV-P2","RBCD","Added","Added LEWTX-HV-SW02 to RBCD principals on RICTX-UCSHV-P2"
"2026-04-24 13:41:00","RBCD","LEWTX-HV-SW03","RICTX-UCSHV-P2","RBCD","Added","Added LEWTX-HV-SW03 to RBCD principals on RICTX-UCSHV-P2"
"2026-04-24 13:41:00","RBCD","LEWTX-HV-SW04","RICTX-UCSHV-P2","RBCD","Added","Added LEWTX-HV-SW04 to RBCD principals on RICTX-UCSHV-P2"
"2026-04-24 13:41:00","RBCD","LEWTX-HV-SW05","RICTX-UCSHV-P2","RBCD","Added","Added LEWTX-HV-SW05 to RBCD principals on RICTX-UCSHV-P2"
"2026-04-24 13:41:00","RBCD","LEWTX-ITCCS-P02","RICTX-UCSHV-P2","RBCD","Added","Added LEWTX-ITCCS-P02 to RBCD principals on RICTX-UCSHV-P2"
"2026-04-24 13:41:00","RBCD","LONNH-HV-P01","RICTX-UCSHV-P2","RBCD","Added","Added LONNH-HV-P01 to RBCD principals on RICTX-UCSHV-P2"
"2026-04-24 13:41:00","RBCD","MAROH-HV-P01","RICTX-UCSHV-P2","RBCD","Added","Added MAROH-HV-P01 to RBCD principals on RICTX-UCSHV-P2"
"2026-04-24 13:41:00","RBCD","MAROH-SECVID-P2","RICTX-UCSHV-P2","RBCD","Added","Added MAROH-SECVID-P2 to RBCD principals on RICTX-UCSHV-P2"
"2026-04-24 13:41:00","RBCD","MATMX-HV-P01","RICTX-UCSHV-P2","RBCD","Added","Added MATMX-HV-P01 to RBCD principals on RICTX-UCSHV-P2"
"2026-04-24 13:41:00","RBCD","MATMX-HV-P02","RICTX-UCSHV-P2","RBCD","Added","Added MATMX-HV-P02 to RBCD principals on RICTX-UCSHV-P2"
"2026-04-24 13:41:00","RBCD","MATTM-SECVID-P1","RICTX-UCSHV-P2","RBCD","Added","Added MATTM-SECVID-P1 to RBCD principals on RICTX-UCSHV-P2"
"2026-04-24 13:41:00","RBCD","MHOH-HV-P01","RICTX-UCSHV-P2","RBCD","Added","Added MHOH-HV-P01 to RBCD principals on RICTX-UCSHV-P2"
"2026-04-24 13:41:00","RBCD","MHOH-HV-P02","RICTX-UCSHV-P2","RBCD","Added","Added MHOH-HV-P02 to RBCD principals on RICTX-UCSHV-P2"
"2026-04-24 13:41:00","RBCD","MHOH-HV-P03","RICTX-UCSHV-P2","RBCD","Added","Added MHOH-HV-P03 to RBCD principals on RICTX-UCSHV-P2"
"2026-04-24 13:41:00","RBCD","MHOH-HV-P04","RICTX-UCSHV-P2","RBCD","Added","Added MHOH-HV-P04 to RBCD principals on RICTX-UCSHV-P2"
"2026-04-24 13:41:00","RBCD","MHOH-HV-P05","RICTX-UCSHV-P2","RBCD","Added","Added MHOH-HV-P05 to RBCD principals on RICTX-UCSHV-P2"
"2026-04-24 13:41:00","RBCD","MHOH-HV-P06","RICTX-UCSHV-P2","RBCD","Added","Added MHOH-HV-P06 to RBCD principals on RICTX-UCSHV-P2"
"2026-04-24 13:41:00","RBCD","MHOH-HV-P07","RICTX-UCSHV-P2","RBCD","Added","Added MHOH-HV-P07 to RBCD principals on RICTX-UCSHV-P2"
"2026-04-24 13:41:00","RBCD","MHOH-SECVID-P1","RICTX-UCSHV-P2","RBCD","Added","Added MHOH-SECVID-P1 to RBCD principals on RICTX-UCSHV-P2"
"2026-04-24 13:41:00","RBCD","MTHOH-ITCCS-P01","RICTX-UCSHV-P2","RBCD","Added","Added MTHOH-ITCCS-P01 to RBCD principals on RICTX-UCSHV-P2"
"2026-04-24 13:41:00","RBCD","PENFL-HV-P01","RICTX-UCSHV-P2","RBCD","Added","Added PENFL-HV-P01 to RBCD principals on RICTX-UCSHV-P2"
"2026-04-24 13:41:00","RBCD","RICTX-CVTHV-P1","RICTX-UCSHV-P2","RBCD","Added","Added RICTX-CVTHV-P1 to RBCD principals on RICTX-UCSHV-P2"
"2026-04-24 13:41:00","RBCD","RICTX-HV-T01","RICTX-UCSHV-P2","RBCD","Added","Added RICTX-HV-T01 to RBCD principals on RICTX-UCSHV-P2"
"2026-04-24 13:41:00","RBCD","RICTX-UCSHV-P1","RICTX-UCSHV-P2","RBCD","Added","Added RICTX-UCSHV-P1 to RBCD principals on RICTX-UCSHV-P2"
"2026-04-24 13:41:00","RBCD","RICTX-UCSHV-P3","RICTX-UCSHV-P2","RBCD","Added","Added RICTX-UCSHV-P3 to RBCD principals on RICTX-UCSHV-P2"
"2026-04-24 13:41:00","RBCD","RICTX-UCSHV-P6","RICTX-UCSHV-P2","RBCD","Added","Added RICTX-UCSHV-P6 to RBCD principals on RICTX-UCSHV-P2"
"2026-04-24 13:41:00","RBCD","RICTX-UCSHV-P7","RICTX-UCSHV-P2","RBCD","Added","Added RICTX-UCSHV-P7 to RBCD principals on RICTX-UCSHV-P2"
"2026-04-24 13:41:00","RBCD","RICTX-UCSHV-P8","RICTX-UCSHV-P2","RBCD","Added","Added RICTX-UCSHV-P8 to RBCD principals on RICTX-UCSHV-P2"
"2026-04-24 13:41:00","RBCD","SWINGGEAR1","RICTX-UCSHV-P2","RBCD","Added","Added SWINGGEAR1 to RBCD principals on RICTX-UCSHV-P2"
"2026-04-24 13:41:00","RBCD","WILPA-HV-P01","RICTX-UCSHV-P2","RBCD","Added","Added WILPA-HV-P01 to RBCD principals on RICTX-UCSHV-P2"
"2026-04-24 13:41:00","RBCD","BURON-HV-P01","RICTX-UCSHV-P3","RBCD","Added","Added BURON-HV-P01 to RBCD principals on RICTX-UCSHV-P3"
"2026-04-24 13:41:00","RBCD","CENWA-SECVID-P1","RICTX-UCSHV-P3","RBCD","Added","Added CENWA-SECVID-P1 to RBCD principals on RICTX-UCSHV-P3"
"2026-04-24 13:41:00","RBCD","CONOH-HV-P01","RICTX-UCSHV-P3","RBCD","Added","Added CONOH-HV-P01 to RBCD principals on RICTX-UCSHV-P3"
"2026-04-24 13:41:00","RBCD","CONOH-SECVID-P1","RICTX-UCSHV-P3","RBCD","Added","Added CONOH-SECVID-P1 to RBCD principals on RICTX-UCSHV-P3"
"2026-04-24 13:41:00","RBCD","DALOH-HV-P01","RICTX-UCSHV-P3","RBCD","Added","Added DALOH-HV-P01 to RBCD principals on RICTX-UCSHV-P3"
"2026-04-24 13:41:00","RBCD","DALTX-HV-P01","RICTX-UCSHV-P3","RBCD","Added","Added DALTX-HV-P01 to RBCD principals on RICTX-UCSHV-P3"
"2026-04-24 13:41:00","RBCD","GRINE-HV-P01","RICTX-UCSHV-P3","RBCD","Added","Added GRINE-HV-P01 to RBCD principals on RICTX-UCSHV-P3"
"2026-04-24 13:41:00","RBCD","LEWPA-HV-P01","RICTX-UCSHV-P3","RBCD","Added","Added LEWPA-HV-P01 to RBCD principals on RICTX-UCSHV-P3"
"2026-04-24 13:41:00","RBCD","LEWTX-HV-SW02","RICTX-UCSHV-P3","RBCD","Added","Added LEWTX-HV-SW02 to RBCD principals on RICTX-UCSHV-P3"
"2026-04-24 13:41:00","RBCD","LEWTX-HV-SW03","RICTX-UCSHV-P3","RBCD","Added","Added LEWTX-HV-SW03 to RBCD principals on RICTX-UCSHV-P3"
"2026-04-24 13:41:00","RBCD","LEWTX-HV-SW04","RICTX-UCSHV-P3","RBCD","Added","Added LEWTX-HV-SW04 to RBCD principals on RICTX-UCSHV-P3"
"2026-04-24 13:41:00","RBCD","LEWTX-HV-SW05","RICTX-UCSHV-P3","RBCD","Added","Added LEWTX-HV-SW05 to RBCD principals on RICTX-UCSHV-P3"
"2026-04-24 13:41:00","RBCD","LEWTX-ITCCS-P02","RICTX-UCSHV-P3","RBCD","Added","Added LEWTX-ITCCS-P02 to RBCD principals on RICTX-UCSHV-P3"
"2026-04-24 13:41:00","RBCD","LONNH-HV-P01","RICTX-UCSHV-P3","RBCD","Added","Added LONNH-HV-P01 to RBCD principals on RICTX-UCSHV-P3"
"2026-04-24 13:41:00","RBCD","MAROH-HV-P01","RICTX-UCSHV-P3","RBCD","Added","Added MAROH-HV-P01 to RBCD principals on RICTX-UCSHV-P3"
"2026-04-24 13:41:00","RBCD","MAROH-SECVID-P2","RICTX-UCSHV-P3","RBCD","Added","Added MAROH-SECVID-P2 to RBCD principals on RICTX-UCSHV-P3"
"2026-04-24 13:41:00","RBCD","MATMX-HV-P01","RICTX-UCSHV-P3","RBCD","Added","Added MATMX-HV-P01 to RBCD principals on RICTX-UCSHV-P3"
"2026-04-24 13:41:00","RBCD","MATMX-HV-P02","RICTX-UCSHV-P3","RBCD","Added","Added MATMX-HV-P02 to RBCD principals on RICTX-UCSHV-P3"
"2026-04-24 13:41:00","RBCD","MATTM-SECVID-P1","RICTX-UCSHV-P3","RBCD","Added","Added MATTM-SECVID-P1 to RBCD principals on RICTX-UCSHV-P3"
"2026-04-24 13:41:00","RBCD","MHOH-HV-P01","RICTX-UCSHV-P3","RBCD","Added","Added MHOH-HV-P01 to RBCD principals on RICTX-UCSHV-P3"
"2026-04-24 13:41:00","RBCD","MHOH-HV-P02","RICTX-UCSHV-P3","RBCD","Added","Added MHOH-HV-P02 to RBCD principals on RICTX-UCSHV-P3"
"2026-04-24 13:41:00","RBCD","MHOH-HV-P03","RICTX-UCSHV-P3","RBCD","Added","Added MHOH-HV-P03 to RBCD principals on RICTX-UCSHV-P3"
"2026-04-24 13:41:00","RBCD","MHOH-HV-P04","RICTX-UCSHV-P3","RBCD","Added","Added MHOH-HV-P04 to RBCD principals on RICTX-UCSHV-P3"
"2026-04-24 13:41:00","RBCD","MHOH-HV-P05","RICTX-UCSHV-P3","RBCD","Added","Added MHOH-HV-P05 to RBCD principals on RICTX-UCSHV-P3"
"2026-04-24 13:41:00","RBCD","MHOH-HV-P06","RICTX-UCSHV-P3","RBCD","Added","Added MHOH-HV-P06 to RBCD principals on RICTX-UCSHV-P3"
"2026-04-24 13:41:00","RBCD","MHOH-HV-P07","RICTX-UCSHV-P3","RBCD","Added","Added MHOH-HV-P07 to RBCD principals on RICTX-UCSHV-P3"
"2026-04-24 13:41:00","RBCD","MHOH-SECVID-P1","RICTX-UCSHV-P3","RBCD","Added","Added MHOH-SECVID-P1 to RBCD principals on RICTX-UCSHV-P3"
"2026-04-24 13:41:00","RBCD","MTHOH-ITCCS-P01","RICTX-UCSHV-P3","RBCD","Added","Added MTHOH-ITCCS-P01 to RBCD principals on RICTX-UCSHV-P3"
"2026-04-24 13:41:00","RBCD","PENFL-HV-P01","RICTX-UCSHV-P3","RBCD","Added","Added PENFL-HV-P01 to RBCD principals on RICTX-UCSHV-P3"
"2026-04-24 13:41:00","RBCD","RICTX-CVTHV-P1","RICTX-UCSHV-P3","RBCD","Added","Added RICTX-CVTHV-P1 to RBCD principals on RICTX-UCSHV-P3"
"2026-04-24 13:41:00","RBCD","RICTX-HV-T01","RICTX-UCSHV-P3","RBCD","Added","Added RICTX-HV-T01 to RBCD principals on RICTX-UCSHV-P3"
"2026-04-24 13:41:00","RBCD","RICTX-UCSHV-P1","RICTX-UCSHV-P3","RBCD","Added","Added RICTX-UCSHV-P1 to RBCD principals on RICTX-UCSHV-P3"
"2026-04-24 13:41:00","RBCD","RICTX-UCSHV-P2","RICTX-UCSHV-P3","RBCD","Added","Added RICTX-UCSHV-P2 to RBCD principals on RICTX-UCSHV-P3"
"2026-04-24 13:41:00","RBCD","RICTX-UCSHV-P6","RICTX-UCSHV-P3","RBCD","Added","Added RICTX-UCSHV-P6 to RBCD principals on RICTX-UCSHV-P3"
"2026-04-24 13:41:00","RBCD","RICTX-UCSHV-P7","RICTX-UCSHV-P3","RBCD","Added","Added RICTX-UCSHV-P7 to RBCD principals on RICTX-UCSHV-P3"
"2026-04-24 13:41:00","RBCD","RICTX-UCSHV-P8","RICTX-UCSHV-P3","RBCD","Added","Added RICTX-UCSHV-P8 to RBCD principals on RICTX-UCSHV-P3"
"2026-04-24 13:41:00","RBCD","SWINGGEAR1","RICTX-UCSHV-P3","RBCD","Added","Added SWINGGEAR1 to RBCD principals on RICTX-UCSHV-P3"
"2026-04-24 13:41:00","RBCD","WILPA-HV-P01","RICTX-UCSHV-P3","RBCD","Added","Added WILPA-HV-P01 to RBCD principals on RICTX-UCSHV-P3"
"2026-04-24 13:41:00","RBCD","BURON-HV-P01","RICTX-UCSHV-P6","RBCD","Added","Added BURON-HV-P01 to RBCD principals on RICTX-UCSHV-P6"
"2026-04-24 13:41:00","RBCD","CENWA-SECVID-P1","RICTX-UCSHV-P6","RBCD","Added","Added CENWA-SECVID-P1 to RBCD principals on RICTX-UCSHV-P6"
"2026-04-24 13:41:00","RBCD","CONOH-HV-P01","RICTX-UCSHV-P6","RBCD","Added","Added CONOH-HV-P01 to RBCD principals on RICTX-UCSHV-P6"
"2026-04-24 13:41:00","RBCD","CONOH-SECVID-P1","RICTX-UCSHV-P6","RBCD","Added","Added CONOH-SECVID-P1 to RBCD principals on RICTX-UCSHV-P6"
"2026-04-24 13:41:00","RBCD","DALOH-HV-P01","RICTX-UCSHV-P6","RBCD","Added","Added DALOH-HV-P01 to RBCD principals on RICTX-UCSHV-P6"
"2026-04-24 13:41:00","RBCD","DALTX-HV-P01","RICTX-UCSHV-P6","RBCD","Added","Added DALTX-HV-P01 to RBCD principals on RICTX-UCSHV-P6"
"2026-04-24 13:41:00","RBCD","GRINE-HV-P01","RICTX-UCSHV-P6","RBCD","Added","Added GRINE-HV-P01 to RBCD principals on RICTX-UCSHV-P6"
"2026-04-24 13:41:00","RBCD","LEWPA-HV-P01","RICTX-UCSHV-P6","RBCD","Added","Added LEWPA-HV-P01 to RBCD principals on RICTX-UCSHV-P6"
"2026-04-24 13:41:00","RBCD","LEWTX-HV-SW02","RICTX-UCSHV-P6","RBCD","Added","Added LEWTX-HV-SW02 to RBCD principals on RICTX-UCSHV-P6"
"2026-04-24 13:41:00","RBCD","LEWTX-HV-SW03","RICTX-UCSHV-P6","RBCD","Added","Added LEWTX-HV-SW03 to RBCD principals on RICTX-UCSHV-P6"
"2026-04-24 13:41:00","RBCD","LEWTX-HV-SW04","RICTX-UCSHV-P6","RBCD","Added","Added LEWTX-HV-SW04 to RBCD principals on RICTX-UCSHV-P6"
"2026-04-24 13:41:00","RBCD","LEWTX-HV-SW05","RICTX-UCSHV-P6","RBCD","Added","Added LEWTX-HV-SW05 to RBCD principals on RICTX-UCSHV-P6"
"2026-04-24 13:41:00","RBCD","LEWTX-ITCCS-P02","RICTX-UCSHV-P6","RBCD","Added","Added LEWTX-ITCCS-P02 to RBCD principals on RICTX-UCSHV-P6"
"2026-04-24 13:41:00","RBCD","LONNH-HV-P01","RICTX-UCSHV-P6","RBCD","Added","Added LONNH-HV-P01 to RBCD principals on RICTX-UCSHV-P6"
"2026-04-24 13:41:00","RBCD","MAROH-HV-P01","RICTX-UCSHV-P6","RBCD","Added","Added MAROH-HV-P01 to RBCD principals on RICTX-UCSHV-P6"
"2026-04-24 13:41:00","RBCD","MAROH-SECVID-P2","RICTX-UCSHV-P6","RBCD","Added","Added MAROH-SECVID-P2 to RBCD principals on RICTX-UCSHV-P6"
"2026-04-24 13:41:00","RBCD","MATMX-HV-P01","RICTX-UCSHV-P6","RBCD","Added","Added MATMX-HV-P01 to RBCD principals on RICTX-UCSHV-P6"
"2026-04-24 13:41:00","RBCD","MATMX-HV-P02","RICTX-UCSHV-P6","RBCD","Added","Added MATMX-HV-P02 to RBCD principals on RICTX-UCSHV-P6"
"2026-04-24 13:41:00","RBCD","MATTM-SECVID-P1","RICTX-UCSHV-P6","RBCD","Added","Added MATTM-SECVID-P1 to RBCD principals on RICTX-UCSHV-P6"
"2026-04-24 13:41:00","RBCD","MHOH-HV-P01","RICTX-UCSHV-P6","RBCD","Added","Added MHOH-HV-P01 to RBCD principals on RICTX-UCSHV-P6"
"2026-04-24 13:41:00","RBCD","MHOH-HV-P02","RICTX-UCSHV-P6","RBCD","Added","Added MHOH-HV-P02 to RBCD principals on RICTX-UCSHV-P6"
"2026-04-24 13:41:00","RBCD","MHOH-HV-P03","RICTX-UCSHV-P6","RBCD","Added","Added MHOH-HV-P03 to RBCD principals on RICTX-UCSHV-P6"
"2026-04-24 13:41:00","RBCD","MHOH-HV-P04","RICTX-UCSHV-P6","RBCD","Added","Added MHOH-HV-P04 to RBCD principals on RICTX-UCSHV-P6"
"2026-04-24 13:41:00","RBCD","MHOH-HV-P05","RICTX-UCSHV-P6","RBCD","Added","Added MHOH-HV-P05 to RBCD principals on RICTX-UCSHV-P6"
"2026-04-24 13:41:00","RBCD","MHOH-HV-P06","RICTX-UCSHV-P6","RBCD","Added","Added MHOH-HV-P06 to RBCD principals on RICTX-UCSHV-P6"
"2026-04-24 13:41:00","RBCD","MHOH-HV-P07","RICTX-UCSHV-P6","RBCD","Added","Added MHOH-HV-P07 to RBCD principals on RICTX-UCSHV-P6"
"2026-04-24 13:41:00","RBCD","MHOH-SECVID-P1","RICTX-UCSHV-P6","RBCD","Added","Added MHOH-SECVID-P1 to RBCD principals on RICTX-UCSHV-P6"
"2026-04-24 13:41:00","RBCD","MTHOH-ITCCS-P01","RICTX-UCSHV-P6","RBCD","Added","Added MTHOH-ITCCS-P01 to RBCD principals on RICTX-UCSHV-P6"
"2026-04-24 13:41:00","RBCD","PENFL-HV-P01","RICTX-UCSHV-P6","RBCD","Added","Added PENFL-HV-P01 to RBCD principals on RICTX-UCSHV-P6"
"2026-04-24 13:41:00","RBCD","RICTX-CVTHV-P1","RICTX-UCSHV-P6","RBCD","Added","Added RICTX-CVTHV-P1 to RBCD principals on RICTX-UCSHV-P6"
"2026-04-24 13:41:00","RBCD","RICTX-HV-T01","RICTX-UCSHV-P6","RBCD","Added","Added RICTX-HV-T01 to RBCD principals on RICTX-UCSHV-P6"
"2026-04-24 13:41:00","RBCD","RICTX-UCSHV-P1","RICTX-UCSHV-P6","RBCD","Added","Added RICTX-UCSHV-P1 to RBCD principals on RICTX-UCSHV-P6"
"2026-04-24 13:41:00","RBCD","RICTX-UCSHV-P2","RICTX-UCSHV-P6","RBCD","Added","Added RICTX-UCSHV-P2 to RBCD principals on RICTX-UCSHV-P6"
"2026-04-24 13:41:00","RBCD","RICTX-UCSHV-P3","RICTX-UCSHV-P6","RBCD","Added","Added RICTX-UCSHV-P3 to RBCD principals on RICTX-UCSHV-P6"
"2026-04-24 13:41:00","RBCD","RICTX-UCSHV-P7","RICTX-UCSHV-P6","RBCD","Added","Added RICTX-UCSHV-P7 to RBCD principals on RICTX-UCSHV-P6"
"2026-04-24 13:41:00","RBCD","RICTX-UCSHV-P8","RICTX-UCSHV-P6","RBCD","Added","Added RICTX-UCSHV-P8 to RBCD principals on RICTX-UCSHV-P6"
"2026-04-24 13:41:00","RBCD","SWINGGEAR1","RICTX-UCSHV-P6","RBCD","Added","Added SWINGGEAR1 to RBCD principals on RICTX-UCSHV-P6"
"2026-04-24 13:41:00","RBCD","WILPA-HV-P01","RICTX-UCSHV-P6","RBCD","Added","Added WILPA-HV-P01 to RBCD principals on RICTX-UCSHV-P6"
"2026-04-24 13:41:01","RBCD","BURON-HV-P01","RICTX-UCSHV-P7","RBCD","Added","Added BURON-HV-P01 to RBCD principals on RICTX-UCSHV-P7"
"2026-04-24 13:41:01","RBCD","CENWA-SECVID-P1","RICTX-UCSHV-P7","RBCD","Added","Added CENWA-SECVID-P1 to RBCD principals on RICTX-UCSHV-P7"
"2026-04-24 13:41:01","RBCD","CONOH-HV-P01","RICTX-UCSHV-P7","RBCD","Added","Added CONOH-HV-P01 to RBCD principals on RICTX-UCSHV-P7"
"2026-04-24 13:41:01","RBCD","CONOH-SECVID-P1","RICTX-UCSHV-P7","RBCD","Added","Added CONOH-SECVID-P1 to RBCD principals on RICTX-UCSHV-P7"
"2026-04-24 13:41:01","RBCD","DALOH-HV-P01","RICTX-UCSHV-P7","RBCD","Added","Added DALOH-HV-P01 to RBCD principals on RICTX-UCSHV-P7"
"2026-04-24 13:41:01","RBCD","DALTX-HV-P01","RICTX-UCSHV-P7","RBCD","Added","Added DALTX-HV-P01 to RBCD principals on RICTX-UCSHV-P7"
"2026-04-24 13:41:01","RBCD","GRINE-HV-P01","RICTX-UCSHV-P7","RBCD","Added","Added GRINE-HV-P01 to RBCD principals on RICTX-UCSHV-P7"
"2026-04-24 13:41:01","RBCD","LEWPA-HV-P01","RICTX-UCSHV-P7","RBCD","Added","Added LEWPA-HV-P01 to RBCD principals on RICTX-UCSHV-P7"
"2026-04-24 13:41:01","RBCD","LEWTX-HV-SW02","RICTX-UCSHV-P7","RBCD","Added","Added LEWTX-HV-SW02 to RBCD principals on RICTX-UCSHV-P7"
"2026-04-24 13:41:01","RBCD","LEWTX-HV-SW03","RICTX-UCSHV-P7","RBCD","Added","Added LEWTX-HV-SW03 to RBCD principals on RICTX-UCSHV-P7"
"2026-04-24 13:41:01","RBCD","LEWTX-HV-SW04","RICTX-UCSHV-P7","RBCD","Added","Added LEWTX-HV-SW04 to RBCD principals on RICTX-UCSHV-P7"
"2026-04-24 13:41:01","RBCD","LEWTX-HV-SW05","RICTX-UCSHV-P7","RBCD","Added","Added LEWTX-HV-SW05 to RBCD principals on RICTX-UCSHV-P7"
"2026-04-24 13:41:01","RBCD","LEWTX-ITCCS-P02","RICTX-UCSHV-P7","RBCD","Added","Added LEWTX-ITCCS-P02 to RBCD principals on RICTX-UCSHV-P7"
"2026-04-24 13:41:01","RBCD","LONNH-HV-P01","RICTX-UCSHV-P7","RBCD","Added","Added LONNH-HV-P01 to RBCD principals on RICTX-UCSHV-P7"
"2026-04-24 13:41:01","RBCD","MAROH-HV-P01","RICTX-UCSHV-P7","RBCD","Added","Added MAROH-HV-P01 to RBCD principals on RICTX-UCSHV-P7"
"2026-04-24 13:41:01","RBCD","MAROH-SECVID-P2","RICTX-UCSHV-P7","RBCD","Added","Added MAROH-SECVID-P2 to RBCD principals on RICTX-UCSHV-P7"
"2026-04-24 13:41:01","RBCD","MATMX-HV-P01","RICTX-UCSHV-P7","RBCD","Added","Added MATMX-HV-P01 to RBCD principals on RICTX-UCSHV-P7"
"2026-04-24 13:41:01","RBCD","MATMX-HV-P02","RICTX-UCSHV-P7","RBCD","Added","Added MATMX-HV-P02 to RBCD principals on RICTX-UCSHV-P7"
"2026-04-24 13:41:01","RBCD","MATTM-SECVID-P1","RICTX-UCSHV-P7","RBCD","Added","Added MATTM-SECVID-P1 to RBCD principals on RICTX-UCSHV-P7"
"2026-04-24 13:41:01","RBCD","MHOH-HV-P01","RICTX-UCSHV-P7","RBCD","Added","Added MHOH-HV-P01 to RBCD principals on RICTX-UCSHV-P7"
"2026-04-24 13:41:01","RBCD","MHOH-HV-P02","RICTX-UCSHV-P7","RBCD","Added","Added MHOH-HV-P02 to RBCD principals on RICTX-UCSHV-P7"
"2026-04-24 13:41:01","RBCD","MHOH-HV-P03","RICTX-UCSHV-P7","RBCD","Added","Added MHOH-HV-P03 to RBCD principals on RICTX-UCSHV-P7"
"2026-04-24 13:41:01","RBCD","MHOH-HV-P04","RICTX-UCSHV-P7","RBCD","Added","Added MHOH-HV-P04 to RBCD principals on RICTX-UCSHV-P7"
"2026-04-24 13:41:01","RBCD","MHOH-HV-P05","RICTX-UCSHV-P7","RBCD","Added","Added MHOH-HV-P05 to RBCD principals on RICTX-UCSHV-P7"
"2026-04-24 13:41:01","RBCD","MHOH-HV-P06","RICTX-UCSHV-P7","RBCD","Added","Added MHOH-HV-P06 to RBCD principals on RICTX-UCSHV-P7"
"2026-04-24 13:41:01","RBCD","MHOH-HV-P07","RICTX-UCSHV-P7","RBCD","Added","Added MHOH-HV-P07 to RBCD principals on RICTX-UCSHV-P7"
"2026-04-24 13:41:01","RBCD","MHOH-SECVID-P1","RICTX-UCSHV-P7","RBCD","Added","Added MHOH-SECVID-P1 to RBCD principals on RICTX-UCSHV-P7"
"2026-04-24 13:41:01","RBCD","MTHOH-ITCCS-P01","RICTX-UCSHV-P7","RBCD","Added","Added MTHOH-ITCCS-P01 to RBCD principals on RICTX-UCSHV-P7"
"2026-04-24 13:41:01","RBCD","PENFL-HV-P01","RICTX-UCSHV-P7","RBCD","Added","Added PENFL-HV-P01 to RBCD principals on RICTX-UCSHV-P7"
"2026-04-24 13:41:01","RBCD","RICTX-CVTHV-P1","RICTX-UCSHV-P7","RBCD","Added","Added RICTX-CVTHV-P1 to RBCD principals on RICTX-UCSHV-P7"
"2026-04-24 13:41:01","RBCD","RICTX-HV-T01","RICTX-UCSHV-P7","RBCD","Added","Added RICTX-HV-T01 to RBCD principals on RICTX-UCSHV-P7"
"2026-04-24 13:41:01","RBCD","RICTX-UCSHV-P1","RICTX-UCSHV-P7","RBCD","Added","Added RICTX-UCSHV-P1 to RBCD principals on RICTX-UCSHV-P7"
"2026-04-24 13:41:01","RBCD","RICTX-UCSHV-P2","RICTX-UCSHV-P7","RBCD","Added","Added RICTX-UCSHV-P2 to RBCD principals on RICTX-UCSHV-P7"
"2026-04-24 13:41:01","RBCD","RICTX-UCSHV-P3","RICTX-UCSHV-P7","RBCD","Added","Added RICTX-UCSHV-P3 to RBCD principals on RICTX-UCSHV-P7"
"2026-04-24 13:41:01","RBCD","RICTX-UCSHV-P6","RICTX-UCSHV-P7","RBCD","Added","Added RICTX-UCSHV-P6 to RBCD principals on RICTX-UCSHV-P7"
"2026-04-24 13:41:01","RBCD","RICTX-UCSHV-P8","RICTX-UCSHV-P7","RBCD","Added","Added RICTX-UCSHV-P8 to RBCD principals on RICTX-UCSHV-P7"
"2026-04-24 13:41:01","RBCD","SWINGGEAR1","RICTX-UCSHV-P7","RBCD","Added","Added SWINGGEAR1 to RBCD principals on RICTX-UCSHV-P7"
"2026-04-24 13:41:01","RBCD","WILPA-HV-P01","RICTX-UCSHV-P7","RBCD","Added","Added WILPA-HV-P01 to RBCD principals on RICTX-UCSHV-P7"
"2026-04-24 13:41:01","RBCD","BURON-HV-P01","RICTX-UCSHV-P8","RBCD","Added","Added BURON-HV-P01 to RBCD principals on RICTX-UCSHV-P8"
"2026-04-24 13:41:01","RBCD","CENWA-SECVID-P1","RICTX-UCSHV-P8","RBCD","Added","Added CENWA-SECVID-P1 to RBCD principals on RICTX-UCSHV-P8"
"2026-04-24 13:41:01","RBCD","CONOH-HV-P01","RICTX-UCSHV-P8","RBCD","Added","Added CONOH-HV-P01 to RBCD principals on RICTX-UCSHV-P8"
"2026-04-24 13:41:01","RBCD","CONOH-SECVID-P1","RICTX-UCSHV-P8","RBCD","Added","Added CONOH-SECVID-P1 to RBCD principals on RICTX-UCSHV-P8"
"2026-04-24 13:41:01","RBCD","DALOH-HV-P01","RICTX-UCSHV-P8","RBCD","Added","Added DALOH-HV-P01 to RBCD principals on RICTX-UCSHV-P8"
"2026-04-24 13:41:01","RBCD","DALTX-HV-P01","RICTX-UCSHV-P8","RBCD","Added","Added DALTX-HV-P01 to RBCD principals on RICTX-UCSHV-P8"
"2026-04-24 13:41:01","RBCD","GRINE-HV-P01","RICTX-UCSHV-P8","RBCD","Added","Added GRINE-HV-P01 to RBCD principals on RICTX-UCSHV-P8"
"2026-04-24 13:41:01","RBCD","LEWPA-HV-P01","RICTX-UCSHV-P8","RBCD","Added","Added LEWPA-HV-P01 to RBCD principals on RICTX-UCSHV-P8"
"2026-04-24 13:41:01","RBCD","LEWTX-HV-SW02","RICTX-UCSHV-P8","RBCD","Added","Added LEWTX-HV-SW02 to RBCD principals on RICTX-UCSHV-P8"
"2026-04-24 13:41:01","RBCD","LEWTX-HV-SW03","RICTX-UCSHV-P8","RBCD","Added","Added LEWTX-HV-SW03 to RBCD principals on RICTX-UCSHV-P8"
"2026-04-24 13:41:01","RBCD","LEWTX-HV-SW04","RICTX-UCSHV-P8","RBCD","Added","Added LEWTX-HV-SW04 to RBCD principals on RICTX-UCSHV-P8"
"2026-04-24 13:41:01","RBCD","LEWTX-HV-SW05","RICTX-UCSHV-P8","RBCD","Added","Added LEWTX-HV-SW05 to RBCD principals on RICTX-UCSHV-P8"
"2026-04-24 13:41:01","RBCD","LEWTX-ITCCS-P02","RICTX-UCSHV-P8","RBCD","Added","Added LEWTX-ITCCS-P02 to RBCD principals on RICTX-UCSHV-P8"
"2026-04-24 13:41:01","RBCD","LONNH-HV-P01","RICTX-UCSHV-P8","RBCD","Added","Added LONNH-HV-P01 to RBCD principals on RICTX-UCSHV-P8"
"2026-04-24 13:41:01","RBCD","MAROH-HV-P01","RICTX-UCSHV-P8","RBCD","Added","Added MAROH-HV-P01 to RBCD principals on RICTX-UCSHV-P8"
"2026-04-24 13:41:01","RBCD","MAROH-SECVID-P2","RICTX-UCSHV-P8","RBCD","Added","Added MAROH-SECVID-P2 to RBCD principals on RICTX-UCSHV-P8"
"2026-04-24 13:41:01","RBCD","MATMX-HV-P01","RICTX-UCSHV-P8","RBCD","Added","Added MATMX-HV-P01 to RBCD principals on RICTX-UCSHV-P8"
"2026-04-24 13:41:01","RBCD","MATMX-HV-P02","RICTX-UCSHV-P8","RBCD","Added","Added MATMX-HV-P02 to RBCD principals on RICTX-UCSHV-P8"
"2026-04-24 13:41:01","RBCD","MATTM-SECVID-P1","RICTX-UCSHV-P8","RBCD","Added","Added MATTM-SECVID-P1 to RBCD principals on RICTX-UCSHV-P8"
"2026-04-24 13:41:01","RBCD","MHOH-HV-P01","RICTX-UCSHV-P8","RBCD","Added","Added MHOH-HV-P01 to RBCD principals on RICTX-UCSHV-P8"
"2026-04-24 13:41:01","RBCD","MHOH-HV-P02","RICTX-UCSHV-P8","RBCD","Added","Added MHOH-HV-P02 to RBCD principals on RICTX-UCSHV-P8"
"2026-04-24 13:41:01","RBCD","MHOH-HV-P03","RICTX-UCSHV-P8","RBCD","Added","Added MHOH-HV-P03 to RBCD principals on RICTX-UCSHV-P8"
"2026-04-24 13:41:01","RBCD","MHOH-HV-P04","RICTX-UCSHV-P8","RBCD","Added","Added MHOH-HV-P04 to RBCD principals on RICTX-UCSHV-P8"
"2026-04-24 13:41:01","RBCD","MHOH-HV-P05","RICTX-UCSHV-P8","RBCD","Added","Added MHOH-HV-P05 to RBCD principals on RICTX-UCSHV-P8"
"2026-04-24 13:41:01","RBCD","MHOH-HV-P06","RICTX-UCSHV-P8","RBCD","Added","Added MHOH-HV-P06 to RBCD principals on RICTX-UCSHV-P8"
"2026-04-24 13:41:01","RBCD","MHOH-HV-P07","RICTX-UCSHV-P8","RBCD","Added","Added MHOH-HV-P07 to RBCD principals on RICTX-UCSHV-P8"
"2026-04-24 13:41:01","RBCD","MHOH-SECVID-P1","RICTX-UCSHV-P8","RBCD","Added","Added MHOH-SECVID-P1 to RBCD principals on RICTX-UCSHV-P8"
"2026-04-24 13:41:01","RBCD","MTHOH-ITCCS-P01","RICTX-UCSHV-P8","RBCD","Added","Added MTHOH-ITCCS-P01 to RBCD principals on RICTX-UCSHV-P8"
"2026-04-24 13:41:01","RBCD","PENFL-HV-P01","RICTX-UCSHV-P8","RBCD","Added","Added PENFL-HV-P01 to RBCD principals on RICTX-UCSHV-P8"
"2026-04-24 13:41:01","RBCD","RICTX-CVTHV-P1","RICTX-UCSHV-P8","RBCD","Added","Added RICTX-CVTHV-P1 to RBCD principals on RICTX-UCSHV-P8"
"2026-04-24 13:41:01","RBCD","RICTX-HV-T01","RICTX-UCSHV-P8","RBCD","Added","Added RICTX-HV-T01 to RBCD principals on RICTX-UCSHV-P8"
"2026-04-24 13:41:01","RBCD","RICTX-UCSHV-P1","RICTX-UCSHV-P8","RBCD","Added","Added RICTX-UCSHV-P1 to RBCD principals on RICTX-UCSHV-P8"
"2026-04-24 13:41:01","RBCD","RICTX-UCSHV-P2","RICTX-UCSHV-P8","RBCD","Added","Added RICTX-UCSHV-P2 to RBCD principals on RICTX-UCSHV-P8"
"2026-04-24 13:41:01","RBCD","RICTX-UCSHV-P3","RICTX-UCSHV-P8","RBCD","Added","Added RICTX-UCSHV-P3 to RBCD principals on RICTX-UCSHV-P8"
"2026-04-24 13:41:01","RBCD","RICTX-UCSHV-P6","RICTX-UCSHV-P8","RBCD","Added","Added RICTX-UCSHV-P6 to RBCD principals on RICTX-UCSHV-P8"
"2026-04-24 13:41:01","RBCD","RICTX-UCSHV-P7","RICTX-UCSHV-P8","RBCD","Added","Added RICTX-UCSHV-P7 to RBCD principals on RICTX-UCSHV-P8"
"2026-04-24 13:41:01","RBCD","SWINGGEAR1","RICTX-UCSHV-P8","RBCD","Added","Added SWINGGEAR1 to RBCD principals on RICTX-UCSHV-P8"
"2026-04-24 13:41:01","RBCD","WILPA-HV-P01","RICTX-UCSHV-P8","RBCD","Added","Added WILPA-HV-P01 to RBCD principals on RICTX-UCSHV-P8"
"2026-04-24 13:41:01","RBCD","BURON-HV-P01","SWINGGEAR1","RBCD","Added","Added BURON-HV-P01 to RBCD principals on SWINGGEAR1"
"2026-04-24 13:41:01","RBCD","CENWA-SECVID-P1","SWINGGEAR1","RBCD","Added","Added CENWA-SECVID-P1 to RBCD principals on SWINGGEAR1"
"2026-04-24 13:41:01","RBCD","CONOH-HV-P01","SWINGGEAR1","RBCD","Added","Added CONOH-HV-P01 to RBCD principals on SWINGGEAR1"
"2026-04-24 13:41:01","RBCD","CONOH-SECVID-P1","SWINGGEAR1","RBCD","Added","Added CONOH-SECVID-P1 to RBCD principals on SWINGGEAR1"
"2026-04-24 13:41:01","RBCD","DALOH-HV-P01","SWINGGEAR1","RBCD","Added","Added DALOH-HV-P01 to RBCD principals on SWINGGEAR1"
"2026-04-24 13:41:01","RBCD","DALTX-HV-P01","SWINGGEAR1","RBCD","Added","Added DALTX-HV-P01 to RBCD principals on SWINGGEAR1"
"2026-04-24 13:41:01","RBCD","GRINE-HV-P01","SWINGGEAR1","RBCD","Added","Added GRINE-HV-P01 to RBCD principals on SWINGGEAR1"
"2026-04-24 13:41:01","RBCD","LEWPA-HV-P01","SWINGGEAR1","RBCD","Added","Added LEWPA-HV-P01 to RBCD principals on SWINGGEAR1"
"2026-04-24 13:41:01","RBCD","LEWTX-HV-SW02","SWINGGEAR1","RBCD","Added","Added LEWTX-HV-SW02 to RBCD principals on SWINGGEAR1"
"2026-04-24 13:41:01","RBCD","LEWTX-HV-SW03","SWINGGEAR1","RBCD","Added","Added LEWTX-HV-SW03 to RBCD principals on SWINGGEAR1"
"2026-04-24 13:41:01","RBCD","LEWTX-HV-SW04","SWINGGEAR1","RBCD","Added","Added LEWTX-HV-SW04 to RBCD principals on SWINGGEAR1"
"2026-04-24 13:41:01","RBCD","LEWTX-HV-SW05","SWINGGEAR1","RBCD","Added","Added LEWTX-HV-SW05 to RBCD principals on SWINGGEAR1"
"2026-04-24 13:41:01","RBCD","LEWTX-ITCCS-P02","SWINGGEAR1","RBCD","Added","Added LEWTX-ITCCS-P02 to RBCD principals on SWINGGEAR1"
"2026-04-24 13:41:01","RBCD","LONNH-HV-P01","SWINGGEAR1","RBCD","Added","Added LONNH-HV-P01 to RBCD principals on SWINGGEAR1"
"2026-04-24 13:41:01","RBCD","MAROH-HV-P01","SWINGGEAR1","RBCD","Added","Added MAROH-HV-P01 to RBCD principals on SWINGGEAR1"
"2026-04-24 13:41:01","RBCD","MAROH-SECVID-P2","SWINGGEAR1","RBCD","Added","Added MAROH-SECVID-P2 to RBCD principals on SWINGGEAR1"
"2026-04-24 13:41:01","RBCD","MATMX-HV-P01","SWINGGEAR1","RBCD","Added","Added MATMX-HV-P01 to RBCD principals on SWINGGEAR1"
"2026-04-24 13:41:01","RBCD","MATMX-HV-P02","SWINGGEAR1","RBCD","Added","Added MATMX-HV-P02 to RBCD principals on SWINGGEAR1"
"2026-04-24 13:41:01","RBCD","MATTM-SECVID-P1","SWINGGEAR1","RBCD","Added","Added MATTM-SECVID-P1 to RBCD principals on SWINGGEAR1"
"2026-04-24 13:41:01","RBCD","MHOH-HV-P01","SWINGGEAR1","RBCD","Added","Added MHOH-HV-P01 to RBCD principals on SWINGGEAR1"
"2026-04-24 13:41:01","RBCD","MHOH-HV-P02","SWINGGEAR1","RBCD","Added","Added MHOH-HV-P02 to RBCD principals on SWINGGEAR1"
"2026-04-24 13:41:01","RBCD","MHOH-HV-P03","SWINGGEAR1","RBCD","Added","Added MHOH-HV-P03 to RBCD principals on SWINGGEAR1"
"2026-04-24 13:41:01","RBCD","MHOH-HV-P04","SWINGGEAR1","RBCD","Added","Added MHOH-HV-P04 to RBCD principals on SWINGGEAR1"
"2026-04-24 13:41:01","RBCD","MHOH-HV-P05","SWINGGEAR1","RBCD","Added","Added MHOH-HV-P05 to RBCD principals on SWINGGEAR1"
"2026-04-24 13:41:01","RBCD","MHOH-HV-P06","SWINGGEAR1","RBCD","Added","Added MHOH-HV-P06 to RBCD principals on SWINGGEAR1"
"2026-04-24 13:41:01","RBCD","MHOH-HV-P07","SWINGGEAR1","RBCD","Added","Added MHOH-HV-P07 to RBCD principals on SWINGGEAR1"
"2026-04-24 13:41:01","RBCD","MHOH-SECVID-P1","SWINGGEAR1","RBCD","Added","Added MHOH-SECVID-P1 to RBCD principals on SWINGGEAR1"
"2026-04-24 13:41:01","RBCD","MTHOH-ITCCS-P01","SWINGGEAR1","RBCD","Added","Added MTHOH-ITCCS-P01 to RBCD principals on SWINGGEAR1"
"2026-04-24 13:41:01","RBCD","PENFL-HV-P01","SWINGGEAR1","RBCD","Added","Added PENFL-HV-P01 to RBCD principals on SWINGGEAR1"
"2026-04-24 13:41:01","RBCD","RICTX-CVTHV-P1","SWINGGEAR1","RBCD","Added","Added RICTX-CVTHV-P1 to RBCD principals on SWINGGEAR1"
"2026-04-24 13:41:01","RBCD","RICTX-HV-T01","SWINGGEAR1","RBCD","Added","Added RICTX-HV-T01 to RBCD principals on SWINGGEAR1"
"2026-04-24 13:41:01","RBCD","RICTX-UCSHV-P1","SWINGGEAR1","RBCD","Added","Added RICTX-UCSHV-P1 to RBCD principals on SWINGGEAR1"
"2026-04-24 13:41:01","RBCD","RICTX-UCSHV-P2","SWINGGEAR1","RBCD","Added","Added RICTX-UCSHV-P2 to RBCD principals on SWINGGEAR1"
"2026-04-24 13:41:01","RBCD","RICTX-UCSHV-P3","SWINGGEAR1","RBCD","Added","Added RICTX-UCSHV-P3 to RBCD principals on SWINGGEAR1"
"2026-04-24 13:41:01","RBCD","RICTX-UCSHV-P6","SWINGGEAR1","RBCD","Added","Added RICTX-UCSHV-P6 to RBCD principals on SWINGGEAR1"
"2026-04-24 13:41:01","RBCD","RICTX-UCSHV-P7","SWINGGEAR1","RBCD","Added","Added RICTX-UCSHV-P7 to RBCD principals on SWINGGEAR1"
"2026-04-24 13:41:01","RBCD","RICTX-UCSHV-P8","SWINGGEAR1","RBCD","Added","Added RICTX-UCSHV-P8 to RBCD principals on SWINGGEAR1"
"2026-04-24 13:41:01","RBCD","WILPA-HV-P01","SWINGGEAR1","RBCD","Added","Added WILPA-HV-P01 to RBCD principals on SWINGGEAR1"
"2026-04-24 13:41:01","RBCD","BURON-HV-P01","WILPA-HV-P01","RBCD","Added","Added BURON-HV-P01 to RBCD principals on WILPA-HV-P01"
"2026-04-24 13:41:01","RBCD","CENWA-SECVID-P1","WILPA-HV-P01","RBCD","Added","Added CENWA-SECVID-P1 to RBCD principals on WILPA-HV-P01"
"2026-04-24 13:41:01","RBCD","CONOH-HV-P01","WILPA-HV-P01","RBCD","Added","Added CONOH-HV-P01 to RBCD principals on WILPA-HV-P01"
"2026-04-24 13:41:01","RBCD","CONOH-SECVID-P1","WILPA-HV-P01","RBCD","Added","Added CONOH-SECVID-P1 to RBCD principals on WILPA-HV-P01"
"2026-04-24 13:41:01","RBCD","DALOH-HV-P01","WILPA-HV-P01","RBCD","Added","Added DALOH-HV-P01 to RBCD principals on WILPA-HV-P01"
"2026-04-24 13:41:01","RBCD","DALTX-HV-P01","WILPA-HV-P01","RBCD","Added","Added DALTX-HV-P01 to RBCD principals on WILPA-HV-P01"
"2026-04-24 13:41:01","RBCD","GRINE-HV-P01","WILPA-HV-P01","RBCD","Added","Added GRINE-HV-P01 to RBCD principals on WILPA-HV-P01"
"2026-04-24 13:41:01","RBCD","LEWPA-HV-P01","WILPA-HV-P01","RBCD","Added","Added LEWPA-HV-P01 to RBCD principals on WILPA-HV-P01"
"2026-04-24 13:41:01","RBCD","LEWTX-HV-SW02","WILPA-HV-P01","RBCD","Added","Added LEWTX-HV-SW02 to RBCD principals on WILPA-HV-P01"
"2026-04-24 13:41:01","RBCD","LEWTX-HV-SW03","WILPA-HV-P01","RBCD","Added","Added LEWTX-HV-SW03 to RBCD principals on WILPA-HV-P01"
"2026-04-24 13:41:01","RBCD","LEWTX-HV-SW04","WILPA-HV-P01","RBCD","Added","Added LEWTX-HV-SW04 to RBCD principals on WILPA-HV-P01"
"2026-04-24 13:41:01","RBCD","LEWTX-HV-SW05","WILPA-HV-P01","RBCD","Added","Added LEWTX-HV-SW05 to RBCD principals on WILPA-HV-P01"
"2026-04-24 13:41:01","RBCD","LEWTX-ITCCS-P02","WILPA-HV-P01","RBCD","Added","Added LEWTX-ITCCS-P02 to RBCD principals on WILPA-HV-P01"
"2026-04-24 13:41:01","RBCD","LONNH-HV-P01","WILPA-HV-P01","RBCD","Added","Added LONNH-HV-P01 to RBCD principals on WILPA-HV-P01"
"2026-04-24 13:41:01","RBCD","MAROH-HV-P01","WILPA-HV-P01","RBCD","Added","Added MAROH-HV-P01 to RBCD principals on WILPA-HV-P01"
"2026-04-24 13:41:01","RBCD","MAROH-SECVID-P2","WILPA-HV-P01","RBCD","Added","Added MAROH-SECVID-P2 to RBCD principals on WILPA-HV-P01"
"2026-04-24 13:41:01","RBCD","MATMX-HV-P01","WILPA-HV-P01","RBCD","Added","Added MATMX-HV-P01 to RBCD principals on WILPA-HV-P01"
"2026-04-24 13:41:01","RBCD","MATMX-HV-P02","WILPA-HV-P01","RBCD","Added","Added MATMX-HV-P02 to RBCD principals on WILPA-HV-P01"
"2026-04-24 13:41:01","RBCD","MATTM-SECVID-P1","WILPA-HV-P01","RBCD","Added","Added MATTM-SECVID-P1 to RBCD principals on WILPA-HV-P01"
"2026-04-24 13:41:01","RBCD","MHOH-HV-P01","WILPA-HV-P01","RBCD","Added","Added MHOH-HV-P01 to RBCD principals on WILPA-HV-P01"
"2026-04-24 13:41:01","RBCD","MHOH-HV-P02","WILPA-HV-P01","RBCD","Added","Added MHOH-HV-P02 to RBCD principals on WILPA-HV-P01"
"2026-04-24 13:41:01","RBCD","MHOH-HV-P03","WILPA-HV-P01","RBCD","Added","Added MHOH-HV-P03 to RBCD principals on WILPA-HV-P01"
"2026-04-24 13:41:01","RBCD","MHOH-HV-P04","WILPA-HV-P01","RBCD","Added","Added MHOH-HV-P04 to RBCD principals on WILPA-HV-P01"
"2026-04-24 13:41:01","RBCD","MHOH-HV-P05","WILPA-HV-P01","RBCD","Added","Added MHOH-HV-P05 to RBCD principals on WILPA-HV-P01"
"2026-04-24 13:41:01","RBCD","MHOH-HV-P06","WILPA-HV-P01","RBCD","Added","Added MHOH-HV-P06 to RBCD principals on WILPA-HV-P01"
"2026-04-24 13:41:01","RBCD","MHOH-HV-P07","WILPA-HV-P01","RBCD","Added","Added MHOH-HV-P07 to RBCD principals on WILPA-HV-P01"
"2026-04-24 13:41:01","RBCD","MHOH-SECVID-P1","WILPA-HV-P01","RBCD","Added","Added MHOH-SECVID-P1 to RBCD principals on WILPA-HV-P01"
"2026-04-24 13:41:01","RBCD","MTHOH-ITCCS-P01","WILPA-HV-P01","RBCD","Added","Added MTHOH-ITCCS-P01 to RBCD principals on WILPA-HV-P01"
"2026-04-24 13:41:01","RBCD","PENFL-HV-P01","WILPA-HV-P01","RBCD","Added","Added PENFL-HV-P01 to RBCD principals on WILPA-HV-P01"
"2026-04-24 13:41:01","RBCD","RICTX-CVTHV-P1","WILPA-HV-P01","RBCD","Added","Added RICTX-CVTHV-P1 to RBCD principals on WILPA-HV-P01"
"2026-04-24 13:41:01","RBCD","RICTX-HV-T01","WILPA-HV-P01","RBCD","Added","Added RICTX-HV-T01 to RBCD principals on WILPA-HV-P01"
"2026-04-24 13:41:01","RBCD","RICTX-UCSHV-P1","WILPA-HV-P01","RBCD","Added","Added RICTX-UCSHV-P1 to RBCD principals on WILPA-HV-P01"
"2026-04-24 13:41:01","RBCD","RICTX-UCSHV-P2","WILPA-HV-P01","RBCD","Added","Added RICTX-UCSHV-P2 to RBCD principals on WILPA-HV-P01"
"2026-04-24 13:41:01","RBCD","RICTX-UCSHV-P3","WILPA-HV-P01","RBCD","Added","Added RICTX-UCSHV-P3 to RBCD principals on WILPA-HV-P01"
"2026-04-24 13:41:01","RBCD","RICTX-UCSHV-P6","WILPA-HV-P01","RBCD","Added","Added RICTX-UCSHV-P6 to RBCD principals on WILPA-HV-P01"
"2026-04-24 13:41:01","RBCD","RICTX-UCSHV-P7","WILPA-HV-P01","RBCD","Added","Added RICTX-UCSHV-P7 to RBCD principals on WILPA-HV-P01"
"2026-04-24 13:41:01","RBCD","RICTX-UCSHV-P8","WILPA-HV-P01","RBCD","Added","Added RICTX-UCSHV-P8 to RBCD principals on WILPA-HV-P01"
"2026-04-24 13:41:01","RBCD","SWINGGEAR1","WILPA-HV-P01","RBCD","Added","Added SWINGGEAR1 to RBCD principals on WILPA-HV-P01"
